DATETIME,CARRY,CARRY_CONTRACT,PRICE,PRICE_CONTRACT,FORWARD,FORWARD_CONTRACT
1999-06-02,0.6496,19990900.0,0.6454,19990600.0,0.6496,19990900.0
1999-06-03,0.6474001,19990900.0,0.6432,19990600.0,0.6474001,19990900.0
1999-06-04,0.64845,19990900.0,0.6443,19990600.0,0.64845,19990900.0
1999-06-07,0.6472,19990900.0,0.64305,19990600.0,0.6472,19990900.0
1999-06-08,0.65605,19990900.0,0.65175,19990600.0,0.65605,19990900.0
1999-06-09,0.6581,19990900.0,0.6534501,19990600.0,0.6581,19990900.0
1999-06-10,0.65725,19990900.0,0.65305,19990600.0,0.65725,19990900.0
1999-06-11,0.6557,19990900.0,0.6517,19990600.0,0.6557,19990900.0
1999-09-02,0.6696501,19991200.0,0.6656,19990900.0,0.6696501,19991200.0
1999-09-03,0.66615,19991200.0,0.66205,19990900.0,0.66615,19991200.0
1999-09-07,0.6641501,19991200.0,0.66005,19990900.0,0.6641501,19991200.0
1999-09-08,0.65885,19991200.0,0.6545,19990900.0,0.65885,19991200.0
1999-09-09,0.6487001,19991200.0,0.6446,19990900.0,0.6487001,19991200.0
1999-09-10,0.6441501000000001,19991200.0,0.6398,19990900.0,0.6441501000000001,19991200.0
1999-12-02,0.6307001,20000300.0,0.62685,19991200.0,0.6307001,20000300.0
1999-12-03,0.6302,20000300.0,0.62635,19991200.0,0.6302,20000300.0
1999-12-06,0.6356,20000300.0,0.6311,19991200.0,0.6356,20000300.0
1999-12-07,0.6349,20000300.0,0.6309,19991200.0,0.6349,20000300.0
1999-12-08,0.63525,20000300.0,0.63125,19991200.0,0.63525,20000300.0
1999-12-10,0.62825,20000300.0,0.62445,19991200.0,0.62825,20000300.0
2000-03-02,0.6173,20000600.0,0.6132001,20000300.0,0.6173,20000600.0
2000-03-03,0.61305,20000600.0,0.609,20000300.0,0.61305,20000600.0
2000-03-06,0.6135001,20000600.0,0.6095001,20000300.0,0.6135001,20000600.0
2000-03-07,0.6109,20000600.0,0.6069,20000300.0,0.6109,20000600.0
2000-03-08,0.6122,20000600.0,0.6081501,20000300.0,0.6122,20000600.0
2000-03-09,0.61605,20000600.0,0.6121501,20000300.0,0.61605,20000600.0
2000-03-10,0.6146501,20000600.0,0.6108,20000300.0,0.6146501,20000600.0
2000-06-02,0.6288,20000900.0,0.6261501,20000600.0,0.6288,20000900.0
2000-06-05,0.62725,20000900.0,0.6246,20000600.0,0.62725,20000900.0
2000-06-06,0.6273,20000900.0,0.62475,20000600.0,0.6273,20000900.0
2000-06-07,0.6346501,20000900.0,0.6319001000000001,20000600.0,0.6346501,20000900.0
2000-06-08,0.6356,20000900.0,0.63305,20000600.0,0.6356,20000900.0
2000-06-09,0.6347001,20000900.0,0.6321501,20000600.0,0.6347001,20000900.0
2000-06-12,0.6333,20000900.0,0.63065,20000600.0,0.6333,20000900.0
2000-09-05,0.6136,20001200.0,0.6116,20000900.0,0.6136,20001200.0
2000-09-06,0.6070001,20001200.0,0.60515,20000900.0,0.6070001,20001200.0
2000-09-07,0.6095001,20001200.0,0.6076,20000900.0,0.6095001,20001200.0
2000-09-08,0.61405,20001200.0,0.6121501,20000900.0,0.61405,20001200.0
2000-09-11,0.6116,20001200.0,0.6096501,20000900.0,0.6116,20001200.0
2000-12-01,0.61225,20010300.0,0.61105,20001200.0,0.61225,20010300.0
2000-12-05,0.6155,20010300.0,0.6142001,20001200.0,0.6155,20010300.0
2000-12-06,0.6193,20010300.0,0.61795,20001200.0,0.6193,20010300.0
2000-12-07,0.61755,20010300.0,0.6161501,20001200.0,0.61755,20010300.0
2000-12-08,0.61255,20010300.0,0.6111,20001200.0,0.61255,20010300.0
2000-12-11,0.6034001,20010300.0,0.6020001,20001200.0,0.6034001,20010300.0
2001-03-02,0.6369001,20010600.0,0.63565,20010300.0,0.6369001,20010600.0
2001-03-05,0.6351501,20010600.0,0.6338,20010300.0,0.6351501,20010600.0
2001-03-06,0.63775,20010600.0,0.6364,20010300.0,0.63775,20010600.0
2001-03-07,0.63715,20010600.0,0.6359001,20010300.0,0.63715,20010600.0
2001-03-08,0.6354501,20010600.0,0.6342,20010300.0,0.6354501,20010600.0
2001-03-09,0.63665,20010600.0,0.6355,20010300.0,0.63665,20010600.0
2001-03-12,0.63535,20010600.0,0.63415,20010300.0,0.63535,20010600.0
2001-06-04,0.5991,20010900.0,0.5981501,20010600.0,0.5991,20010900.0
2001-06-05,0.6054,20010900.0,0.6043,20010600.0,0.6054,20010900.0
2001-06-06,0.6108,20010900.0,0.6096501,20010600.0,0.6108,20010900.0
2001-06-07,0.61295,20010900.0,0.6119,20010600.0,0.61295,20010900.0
2001-06-08,0.6174001,20010900.0,0.6163,20010600.0,0.6174001,20010900.0
2001-06-11,0.61505,20010900.0,0.61395,20010600.0,0.61505,20010900.0
2001-09-04,0.6155,20011200.0,0.61445,20010900.0,0.6155,20011200.0
2001-09-05,0.60905,20011200.0,0.6081501,20010900.0,0.60905,20011200.0
2001-09-06,0.6157001,20011200.0,0.61475,20010900.0,0.6157001,20011200.0
2001-09-07,0.6205,20011200.0,0.6196,20010900.0,0.6205,20011200.0
2001-09-10,0.6181,20011200.0,0.6173,20010900.0,0.6181,20011200.0
2001-09-11,0.6326501,20011200.0,0.63175,20010900.0,0.6326501,20011200.0
2001-12-03,0.62685,20020300.0,0.6259,20011200.0,0.62685,20020300.0
2001-12-04,0.62735,20020300.0,0.62635,20011200.0,0.62735,20020300.0
2001-12-05,0.6276501,20020300.0,0.6267,20011200.0,0.6276501,20020300.0
2001-12-06,0.62775,20020300.0,0.6268,20011200.0,0.62775,20020300.0
2001-12-07,0.6218,20020300.0,0.62085,20011200.0,0.6218,20020300.0
2001-12-10,0.6217,20020300.0,0.6206501,20011200.0,0.6217,20020300.0
2001-12-11,0.6213,20020300.0,0.62025,20011200.0,0.6213,20020300.0
2002-03-04,0.61205,20020600.0,0.61125,20020300.0,0.61205,20020600.0
2002-03-05,0.61325,20020600.0,0.6124001,20020300.0,0.61325,20020600.0
2002-03-06,0.6171,20020600.0,0.61625,20020300.0,0.6171,20020600.0
2002-03-07,0.6196,20020600.0,0.61875,20020300.0,0.6196,20020600.0
2002-03-08,0.61605,20020600.0,0.6151,20020300.0,0.61605,20020600.0
2002-03-11,0.6177,20020600.0,0.6165,20020300.0,0.6177,20020600.0
2002-06-03,0.64255,20020900.0,0.6414,20020600.0,0.64255,20020900.0
2002-06-04,0.6461,20020900.0,0.6449001,20020600.0,0.6461,20020900.0
2002-06-05,0.64505,20020900.0,0.6439,20020600.0,0.64505,20020900.0
2002-06-06,0.6491,20020900.0,0.6479,20020600.0,0.6491,20020900.0
2002-06-07,0.648,20020900.0,0.6469001,20020600.0,0.648,20020900.0
2002-06-10,0.6475,20020900.0,0.6464,20020600.0,0.6475,20020900.0
2002-06-11,0.6447001,20020900.0,0.6436,20020600.0,0.6447001,20020900.0
2002-09-03,0.63875,20021200.0,0.63775,20020900.0,0.63875,20021200.0
2002-09-04,0.63475,20021200.0,0.63375,20020900.0,0.63475,20021200.0
2002-09-05,0.63455,20021200.0,0.6336,20020900.0,0.63455,20021200.0
2002-09-06,0.6309,20021200.0,0.6298,20020900.0,0.6309,20021200.0
2002-09-09,0.6302,20021200.0,0.6293,20020900.0,0.6302,20021200.0
2002-09-10,0.62795,20021200.0,0.62705,20020900.0,0.62795,20021200.0
2002-09-11,0.6294001,20021200.0,0.6284,20020900.0,0.6294001,20021200.0
2002-12-02,0.6419001,20030300.0,0.6402,20021200.0,0.6419001,20030300.0
2002-12-03,0.6364501,20030300.0,0.63475,20021200.0,0.6364501,20030300.0
2002-12-04,0.6393,20030300.0,0.6376501,20021200.0,0.6393,20030300.0
2002-12-05,0.6386501,20030300.0,0.63695,20021200.0,0.6386501,20030300.0
2002-12-06,0.64255,20030300.0,0.64085,20021200.0,0.64255,20030300.0
2002-12-09,0.6417,20030300.0,0.64005,20021200.0,0.6417,20030300.0
2002-12-10,0.6437001,20030300.0,0.64205,20021200.0,0.6437001,20030300.0
2002-12-11,0.64095,20030300.0,0.6393,20021200.0,0.64095,20030300.0
2003-03-03,0.6918,20030600.0,0.68975,20030300.0,0.6918,20030600.0
2003-03-04,0.6903,20030600.0,0.68825,20030300.0,0.6903,20030600.0
2003-03-05,0.6868,20030600.0,0.6849,20030300.0,0.6868,20030600.0
2003-03-06,0.6867501,20030600.0,0.6849,20030300.0,0.6867501,20030600.0
2003-03-07,0.68975,20030600.0,0.6879001,20030300.0,0.68975,20030600.0
2003-03-10,0.6922001,20030600.0,0.6904001000000001,20030300.0,0.6922001,20030600.0
2003-03-11,0.68875,20030600.0,0.68695,20030300.0,0.68875,20030600.0
2003-06-02,0.7204,20030900.0,0.71785,20030600.0,0.7204,20030900.0
2003-06-03,0.7242001,20030900.0,0.7216501000000001,20030600.0,0.7242001,20030900.0
2003-06-04,0.7183,20030900.0,0.7158,20030600.0,0.7183,20030900.0
2003-06-05,0.71605,20030900.0,0.7134501,20030600.0,0.71605,20030900.0
2003-06-06,0.7066,20030900.0,0.7041,20030600.0,0.7066,20030900.0
2003-06-09,0.71615,20030900.0,0.71355,20030600.0,0.71615,20030900.0
2003-06-10,0.7099001,20030900.0,0.70735,20030600.0,0.7099001,20030900.0
2003-06-11,0.70775,20030900.0,0.7052,20030600.0,0.70775,20030900.0
2003-09-02,0.69255,20031200.0,0.68995,20030900.0,0.69255,20031200.0
2003-09-03,0.69305,20031200.0,0.6905,20030900.0,0.69305,20031200.0
2003-09-04,0.6937,20031200.0,0.6912,20030900.0,0.6937,20031200.0
2003-09-05,0.70175,20031200.0,0.6992,20030900.0,0.70175,20031200.0
2003-09-08,0.7029001,20031200.0,0.7003,20030900.0,0.7029001,20031200.0
2003-09-09,0.7087001,20031200.0,0.70605,20030900.0,0.7087001,20031200.0
2003-09-10,0.70735,20031200.0,0.7047501,20030900.0,0.70735,20031200.0
2003-09-11,0.7049001,20031200.0,0.7023,20030900.0,0.7049001,20031200.0
2003-12-02,0.70245,20040300.0,0.6992,20031200.0,0.70245,20040300.0
2003-12-03,0.7044001,20040300.0,0.7011501,20031200.0,0.7044001,20040300.0
2003-12-04,0.70605,20040300.0,0.7028,20031200.0,0.70605,20040300.0
2003-12-05,0.70685,20040300.0,0.7036,20031200.0,0.70685,20040300.0
2003-12-08,0.70885,20040300.0,0.70565,20031200.0,0.70885,20040300.0
2003-12-09,0.70435,20040300.0,0.7011,20031200.0,0.70435,20040300.0
2003-12-10,0.7042,20040300.0,0.701,20031200.0,0.7042,20040300.0
2003-12-11,0.7026501,20040300.0,0.69945,20031200.0,0.7026501,20040300.0
2004-03-02,0.66825,20040600.0,0.6646,20040300.0,0.66825,20040600.0
2004-03-03,0.67085,20040600.0,0.6671501,20040300.0,0.67085,20040600.0
2004-03-04,0.6729001,20040600.0,0.66925,20040300.0,0.6729001,20040600.0
2004-03-05,0.6743,20040600.0,0.6706501,20040300.0,0.6743,20040600.0
2004-03-08,0.67515,20040600.0,0.6715,20040300.0,0.67515,20040600.0
2004-03-09,0.67825,20040600.0,0.67455,20040300.0,0.67825,20040600.0
2004-03-10,0.6817501,20040600.0,0.67805,20040300.0,0.6817501,20040600.0
2004-03-11,0.6846501,20040600.0,0.6810001,20040300.0,0.6846501,20040600.0
2004-06-02,0.67085,20040900.0,0.6666,20040600.0,0.67085,20040900.0
2004-06-03,0.6684,20040900.0,0.6642001000000001,20040600.0,0.6684,20040900.0
2004-06-04,0.67255,20040900.0,0.6683,20040600.0,0.67255,20040900.0
2004-06-07,0.67375,20040900.0,0.66945,20040600.0,0.67375,20040900.0
2004-06-08,0.6731,20040900.0,0.6688,20040600.0,0.6731,20040900.0
2004-06-09,0.6631501000000001,20040900.0,0.65885,20040600.0,0.6631501000000001,20040900.0
2004-06-10,0.6611,20040900.0,0.65685,20040600.0,0.6611,20040900.0
2004-09-02,0.6848,20041200.0,0.68005,20040900.0,0.6848,20041200.0
2004-09-03,0.68435,20041200.0,0.6796501,20040900.0,0.68435,20041200.0
2004-09-07,0.68735,20041200.0,0.6827,20040900.0,0.68735,20041200.0
2004-09-08,0.6861501,20041200.0,0.6815,20040900.0,0.6861501,20041200.0
2004-09-09,0.68785,20041200.0,0.6832001,20040900.0,0.68785,20041200.0
2004-09-10,0.6876501,20041200.0,0.6829999999999999,20040900.0,0.6876501,20041200.0
2004-12-01,0.69415,20050300.0,0.6896501,20041200.0,0.69415,20050300.0
2004-12-02,0.6950001,20050300.0,0.6905,20041200.0,0.6950001,20050300.0
2004-12-03,0.6977,20050300.0,0.6932001,20041200.0,0.6977,20050300.0
2004-12-06,0.69605,20050300.0,0.6916,20041200.0,0.69605,20050300.0
2004-12-07,0.69475,20050300.0,0.69035,20041200.0,0.69475,20050300.0
2004-12-08,0.69415,20050300.0,0.6897001,20041200.0,0.69415,20050300.0
2004-12-09,0.69595,20050300.0,0.6915,20041200.0,0.69595,20050300.0
2004-12-10,0.6952,20050300.0,0.6907001,20041200.0,0.6952,20050300.0
2005-03-02,0.6919001,20050600.0,0.6871,20050300.0,0.6919001,20050600.0
2005-03-03,0.6926501,20050600.0,0.6878,20050300.0,0.6926501,20050600.0
2005-03-04,0.6933,20050600.0,0.6885,20050300.0,0.6933,20050600.0
2005-03-07,0.6949,20050600.0,0.6901501,20050300.0,0.6949,20050600.0
2005-03-08,0.6969001,20050600.0,0.6921,20050300.0,0.6969001,20050600.0
2005-03-09,0.70065,20050600.0,0.6958,20050300.0,0.70065,20050600.0
2005-03-10,0.7034001,20050600.0,0.6986,20050300.0,0.7034001,20050600.0
2005-03-11,0.70355,20050600.0,0.6988,20050300.0,0.70355,20050600.0
2005-06-02,0.68155,20050900.0,0.6767001,20050600.0,0.68155,20050900.0
2005-06-03,0.6792501,20050900.0,0.67445,20050600.0,0.6792501,20050900.0
2005-06-06,0.67795,20050900.0,0.6732001,20050600.0,0.67795,20050900.0
2005-06-07,0.67425,20050900.0,0.6695001,20050600.0,0.67425,20050900.0
2005-06-08,0.6752501000000001,20050900.0,0.6705,20050600.0,0.6752501000000001,20050900.0
2005-06-09,0.6761501,20050900.0,0.67135,20050600.0,0.6761501,20050900.0
2005-06-10,0.67355,20050900.0,0.6688,20050600.0,0.67355,20050900.0
2005-09-02,0.68505,20051200.0,0.6811,20050900.0,0.68505,20051200.0
2005-09-06,0.6814501000000001,20051200.0,0.6775,20050900.0,0.6814501000000001,20051200.0
2005-09-07,0.6807001,20051200.0,0.67665,20050900.0,0.6807001,20051200.0
2005-09-08,0.6799501,20051200.0,0.6759501,20050900.0,0.6799501,20051200.0
2005-09-09,0.67885,20051200.0,0.6749001,20050900.0,0.67885,20051200.0
2005-09-12,0.67885,20051200.0,0.6748,20050900.0,0.67885,20051200.0
2005-12-01,0.6817501,20060300.0,0.6785001,20051200.0,0.6817501,20060300.0
2005-12-02,0.67945,20060300.0,0.6761501,20051200.0,0.67945,20060300.0
2005-12-05,0.6805,20060300.0,0.6772,20051200.0,0.6805,20060300.0
2005-12-06,0.68075,20060300.0,0.67755,20051200.0,0.68075,20060300.0
2005-12-07,0.6796,20060300.0,0.67635,20051200.0,0.6796,20060300.0
2005-12-08,0.6771,20060300.0,0.67385,20051200.0,0.6771,20060300.0
2005-12-09,0.6772,20060300.0,0.67395,20051200.0,0.6772,20060300.0
2005-12-12,0.67635,20060300.0,0.6731,20051200.0,0.67635,20060300.0
2006-03-02,0.6897001,20060600.0,0.6864501000000001,20060300.0,0.6897001,20060600.0
2006-03-03,0.6896501,20060600.0,0.68635,20060300.0,0.6896501,20060600.0
2006-03-06,0.6907001,20060600.0,0.6874,20060300.0,0.6907001,20060600.0
2006-03-07,0.68825,20060600.0,0.6850001,20060300.0,0.68825,20060600.0
2006-03-08,0.68945,20060600.0,0.6862,20060300.0,0.68945,20060600.0
2006-03-09,0.68955,20060600.0,0.68625,20060300.0,0.68955,20060600.0
2006-03-10,0.6935501000000001,20060600.0,0.69025,20060300.0,0.6935501000000001,20060600.0
2006-06-02,0.6894001000000001,20060900.0,0.68655,20060600.0,0.6894001000000001,20060900.0
2006-06-05,0.6929001,20060900.0,0.69005,20060600.0,0.6929001,20060900.0
2006-06-06,0.6927,20060900.0,0.6898,20060600.0,0.6927,20060900.0
2006-06-07,0.6926501,20060900.0,0.6898,20060600.0,0.6926501,20060900.0
2006-06-08,0.68945,20060900.0,0.68655,20060600.0,0.68945,20060900.0
2006-06-09,0.6899,20060900.0,0.687,20060600.0,0.6899,20060900.0
2006-06-12,0.6864501000000001,20060900.0,0.6836,20060600.0,0.6864501000000001,20060900.0
2006-09-05,0.6796501,20061200.0,0.677,20060900.0,0.6796501,20061200.0
2006-09-06,0.6829001,20061200.0,0.6803,20060900.0,0.6829001,20061200.0
2006-09-07,0.68205,20061200.0,0.67935,20060900.0,0.68205,20061200.0
2006-09-08,0.68235,20061200.0,0.6796501,20060900.0,0.68235,20061200.0
2006-09-11,0.6839001,20061200.0,0.6812,20060900.0,0.6839001,20061200.0
2006-12-01,0.67625,20070300.0,0.6737,20061200.0,0.67625,20070300.0
2006-12-04,0.6761501,20070300.0,0.6736,20061200.0,0.6761501,20070300.0
2006-12-05,0.6779999999999999,20070300.0,0.67545,20061200.0,0.6779999999999999,20070300.0
2006-12-06,0.67875,20070300.0,0.67625,20061200.0,0.67875,20070300.0
2006-12-07,0.6796501,20070300.0,0.6771,20061200.0,0.6796501,20070300.0
2006-12-08,0.6789001,20070300.0,0.67635,20061200.0,0.6789001,20070300.0
2006-12-11,0.67935,20070300.0,0.6768,20061200.0,0.67935,20070300.0
2007-03-02,0.6818,20070600.0,0.67915,20070300.0,0.6818,20070600.0
2007-03-05,0.6845,20070600.0,0.68185,20070300.0,0.6845,20070600.0
2007-03-06,0.6831501,20070600.0,0.68045,20070300.0,0.6831501,20070600.0
2007-03-07,0.6847001,20070600.0,0.682,20070300.0,0.6847001,20070600.0
2007-03-08,0.68375,20070600.0,0.68105,20070300.0,0.68375,20070600.0
2007-03-09,0.68185,20070600.0,0.6792001,20070300.0,0.68185,20070600.0
2007-03-12,0.68555,20070600.0,0.6829001,20070300.0,0.68555,20070600.0
2007-06-04,0.68085,20070900.0,0.6781,20070600.0,0.68085,20070900.0
2007-06-05,0.68185,20070900.0,0.67915,20070600.0,0.68185,20070900.0
2007-06-06,0.6809,20070900.0,0.6782001,20070600.0,0.6809,20070900.0
2007-06-07,0.6823,20070900.0,0.6796501,20070600.0,0.6823,20070900.0
2007-06-08,0.68235,20070900.0,0.6796501,20070600.0,0.68235,20070900.0
2007-06-11,0.68125,20070900.0,0.67855,20070600.0,0.68125,20070900.0
2007-09-04,0.6795,20071200.0,0.6762,20070900.0,0.6795,20071200.0
2007-09-05,0.6794001000000001,20071200.0,0.6761501,20070900.0,0.6794001000000001,20071200.0
2007-09-06,0.68,20071200.0,0.6768,20070900.0,0.68,20071200.0
2007-09-07,0.6824,20071200.0,0.6793,20070900.0,0.6824,20071200.0
2007-09-10,0.6844001000000001,20071200.0,0.6811501,20070900.0,0.6844001000000001,20071200.0
2007-09-11,0.68435,20071200.0,0.6811,20070900.0,0.68435,20071200.0
2007-12-03,0.7131501,20080300.0,0.71035,20071200.0,0.7131501,20080300.0
2007-12-04,0.7209501,20080300.0,0.7182,20071200.0,0.7209501,20080300.0
2007-12-05,0.72475,20080300.0,0.7220001,20071200.0,0.72475,20080300.0
2007-12-06,0.72435,20080300.0,0.7216,20071200.0,0.72435,20080300.0
2007-12-07,0.7244501,20080300.0,0.7216501000000001,20071200.0,0.7244501,20080300.0
2007-12-10,0.7220001,20080300.0,0.7192001,20071200.0,0.7220001,20080300.0
2007-12-11,0.72385,20080300.0,0.721,20071200.0,0.72385,20080300.0
2008-03-03,0.7683,20080600.0,0.76585,20080300.0,0.7683,20080600.0
2008-03-04,0.76855,20080600.0,0.7661501000000001,20080300.0,0.76855,20080600.0
2008-03-05,0.7689,20080600.0,0.7666501,20080300.0,0.7689,20080600.0
2008-03-06,0.7673,20080600.0,0.7650501000000001,20080300.0,0.7673,20080600.0
2008-03-07,0.7642,20080600.0,0.7621,20080300.0,0.7642,20080600.0
2008-03-10,0.7662001,20080600.0,0.7641,20080300.0,0.7662001,20080600.0
2008-03-11,0.76705,20080600.0,0.7649001,20080300.0,0.76705,20080600.0
2008-06-02,0.7929001,20080900.0,0.79105,20080600.0,0.7929001,20080900.0
2008-06-03,0.78925,20080900.0,0.78735,20080600.0,0.78925,20080900.0
2008-06-04,0.79195,20080900.0,0.7901,20080600.0,0.79195,20080900.0
2008-06-05,0.7974501,20080900.0,0.7958,20080600.0,0.7974501,20080900.0
2008-06-06,0.80165,20080900.0,0.7999501,20080600.0,0.80165,20080900.0
2008-06-09,0.79455,20080900.0,0.79265,20080600.0,0.79455,20080900.0
2008-06-10,0.79295,20080900.0,0.79115,20080600.0,0.79295,20080900.0
2008-06-11,0.795,20080900.0,0.7931501,20080600.0,0.795,20080900.0
2008-09-02,0.8159001,20081200.0,0.81455,20080900.0,0.8159001,20081200.0
2008-09-03,0.8176,20081200.0,0.8163,20080900.0,0.8176,20081200.0
2008-09-04,0.8114001000000001,20081200.0,0.8101,20080900.0,0.8114001000000001,20081200.0
2008-09-05,0.8094001000000001,20081200.0,0.80805,20080900.0,0.8094001000000001,20081200.0
2008-09-08,0.80535,20081200.0,0.80405,20080900.0,0.80535,20081200.0
2008-09-09,0.80485,20081200.0,0.8037,20080900.0,0.80485,20081200.0
2008-09-10,0.80045,20081200.0,0.7992001,20080900.0,0.80045,20081200.0
2008-09-11,0.79725,20081200.0,0.7959501,20080900.0,0.79725,20081200.0
2008-12-08,0.86905,20090300.0,0.8668,20081200.0,0.86905,20090300.0
2008-12-09,0.8749,20090300.0,0.8755,20081200.0,0.8749,20090300.0
2008-12-10,0.88,20090300.0,0.8806,20081200.0,0.88,20090300.0
2008-12-11,0.88645,20090300.0,0.8894001,20081200.0,0.88645,20090300.0
2009-03-05,0.8893,20090600.0,0.8898,20090300.0,0.8893,20090600.0
2009-03-06,0.8909999999999999,20090600.0,0.8989,20090300.0,0.8909999999999999,20090600.0
2009-03-09,0.91435,20090600.0,0.915,20090300.0,0.91435,20090600.0
2009-03-10,0.91985,20090600.0,0.9195,20090300.0,0.91985,20090600.0
2009-03-11,0.9219,20090900.0,0.925,20090600.0,0.9219,20090900.0
2009-06-02,0.86385,20090900.0,0.8625,20090600.0,0.86385,20090900.0
2009-06-03,0.862,20090900.0,0.8601,20090600.0,0.862,20090900.0
2009-06-04,0.87145,20090900.0,0.8715,20090600.0,0.87145,20090900.0
2009-06-05,0.8729,20090900.0,0.88555,20090600.0,0.8729,20090900.0
2009-06-08,0.87255,20090900.0,0.86565,20090600.0,0.87255,20090900.0
2009-06-09,0.86035,20090900.0,0.86315,20090600.0,0.86035,20090900.0
2009-06-10,0.86,20090900.0,0.8585,20090600.0,0.86,20090900.0
2009-06-11,0.8525,20091200.0,0.8545,20090900.0,0.8525,20091200.0
2009-09-02,0.87635,20091200.0,0.87995,20090900.0,0.87635,20091200.0
2009-09-04,0.87235,20091200.0,0.87225,20090900.0,0.87235,20091200.0
2009-09-07,0.8765,20091200.0,0.875,20090900.0,0.8765,20091200.0
2009-09-08,0.8775,20091200.0,0.8766,20090900.0,0.8775,20091200.0
2009-09-09,0.88035,20091200.0,0.8781,20090900.0,0.88035,20091200.0
2009-09-10,0.8808,20091200.0,0.8795,20090900.0,0.8808,20091200.0
2009-09-11,0.87425,20100300.0,0.8745,20091200.0,0.87425,20100300.0
2009-12-01,0.90805,20100300.0,0.9141,20091200.0,0.90805,20100300.0
2009-12-02,0.9041,20100300.0,0.905,20091200.0,0.9041,20100300.0
2009-12-03,0.9075,20100300.0,0.91025,20091200.0,0.9075,20100300.0
2009-12-04,0.9024,20100300.0,0.9106,20091200.0,0.9024,20100300.0
2009-12-07,0.9037,20100300.0,0.90365,20091200.0,0.9037,20100300.0
2009-12-08,0.906,20100300.0,0.905,20091200.0,0.906,20100300.0
2009-12-09,0.906,20100300.0,0.9077,20091200.0,0.906,20100300.0
2009-12-10,0.90565,20100300.0,0.906,20091200.0,0.90565,20100300.0
2009-12-11,0.90445,20100600.0,0.89985,20100300.0,0.90445,20100600.0
2010-03-02,0.91,20100600.0,0.9087,20100300.0,0.91,20100600.0
2010-03-03,0.9055,20100600.0,0.9065,20100300.0,0.9055,20100600.0
2010-03-04,0.9044,20100600.0,0.90275,20100300.0,0.9044,20100600.0
2010-03-05,0.90005,20100600.0,0.89995,20100300.0,0.90005,20100600.0
2010-03-08,0.90505,20100600.0,0.9036,20100300.0,0.90505,20100600.0
2010-03-09,0.90725,20100600.0,0.9078,20100300.0,0.90725,20100600.0
2010-03-10,0.9086,20100600.0,0.9118,20100300.0,0.9086,20100600.0
2010-03-11,0.9115,20100900.0,0.912,20100600.0,0.9115,20100900.0
2010-06-02,0.8376,20100900.0,0.83005,20100600.0,0.8376,20100900.0
2010-06-03,0.8347,20100900.0,0.835,20100600.0,0.8347,20100900.0
2010-06-04,0.8284,20100900.0,0.8324,20100600.0,0.8284,20100900.0
2010-06-07,0.8259,20100900.0,0.8278,20100600.0,0.8259,20100900.0
2010-06-08,0.82925,20100900.0,0.82495,20100600.0,0.82925,20100900.0
2010-06-09,0.8287,20100900.0,0.82825,20100600.0,0.8287,20100900.0
2010-06-10,0.8247,20100900.0,0.826,20100600.0,0.8247,20100900.0
2010-06-11,0.8240000000000001,20101200.0,0.82235,20100900.0,0.8240000000000001,20101200.0
2010-09-02,0.83325,20101200.0,0.8308,20100900.0,0.83325,20101200.0
2010-09-03,0.83445,20101200.0,0.83135,20100900.0,0.83445,20101200.0
2010-09-06,0.8370000000000001,20101200.0,0.8341,20100900.0,0.8370000000000001,20101200.0
2010-09-07,0.83065,20101200.0,0.8334,20100900.0,0.83065,20101200.0
2010-09-08,0.82195,20101200.0,0.8257,20100900.0,0.82195,20101200.0
2010-09-09,0.82295,20101200.0,0.8229,20100900.0,0.82295,20101200.0
2010-09-10,0.8220000000000001,20110300.0,0.82515,20101200.0,0.8220000000000001,20110300.0
2010-12-01,0.8416,20110300.0,0.8363,20101200.0,0.8416,20110300.0
2010-12-02,0.8469,20110300.0,0.84135,20101200.0,0.8469,20110300.0
2010-12-03,0.851,20110300.0,0.8501,20101200.0,0.851,20110300.0
2010-12-06,0.84695,20110300.0,0.8479,20101200.0,0.84695,20110300.0
2010-12-07,0.84295,20110300.0,0.841,20101200.0,0.84295,20110300.0
2010-12-08,0.8385,20110300.0,0.84195,20101200.0,0.8385,20110300.0
2010-12-09,0.8391,20110300.0,0.8403,20101200.0,0.8391,20110300.0
2010-12-10,0.8372,20110600.0,0.8368,20110300.0,0.8372,20110600.0
2011-03-02,0.8496,20110600.0,0.8472,20110300.0,0.8496,20110600.0
2011-03-03,0.8575,20110600.0,0.858,20110300.0,0.8575,20110600.0
2011-03-04,0.8573,20110600.0,0.85735,20110300.0,0.8573,20110600.0
2011-03-07,0.86195,20110600.0,0.85985,20110300.0,0.86195,20110600.0
2011-03-08,0.8621,20110600.0,0.8621,20110300.0,0.8621,20110600.0
2011-03-09,0.8584,20110600.0,0.85985,20110300.0,0.8584,20110600.0
2011-03-10,0.8590000000000001,20110600.0,0.8589,20110300.0,0.8590000000000001,20110600.0
2011-03-11,0.8608,20110900.0,0.86015,20110600.0,0.8608,20110900.0
2011-06-02,0.8849,20110900.0,0.88015,20110600.0,0.8849,20110900.0
2011-06-03,0.8894,20110900.0,0.88525,20110600.0,0.8894,20110900.0
2011-06-06,0.892,20110900.0,0.89125,20110600.0,0.892,20110900.0
2011-06-07,0.8918,20110900.0,0.89415,20110600.0,0.8918,20110900.0
2011-06-08,0.89125,20110900.0,0.8923,20110600.0,0.89125,20110900.0
2011-06-09,0.888,20110900.0,0.8895,20110600.0,0.888,20110900.0
2011-06-10,0.887,20111200.0,0.8875,20110900.0,0.887,20111200.0
2011-09-05,0.8759999999999999,20111200.0,0.8752,20110900.0,0.8759999999999999,20111200.0
2011-09-06,0.8783,20111200.0,0.87405,20110900.0,0.8783,20111200.0
2011-09-07,0.882,20111200.0,0.8795,20110900.0,0.882,20111200.0
2011-09-08,0.87145,20111200.0,0.88265,20110900.0,0.87145,20111200.0
2011-09-09,0.8716,20111200.0,0.87065,20110900.0,0.8716,20111200.0
2011-09-11,0.8605,20111200.0,0.8575,20110900.0,0.8605,20111200.0
2011-12-06,0.86165,20120300.0,0.85615,20111200.0,0.86165,20120300.0
2011-12-07,0.85255,20120300.0,0.8601,20111200.0,0.85255,20120300.0
2011-12-08,0.85125,20120300.0,0.85435,20111200.0,0.85125,20120300.0
2011-12-09,0.85695,20120300.0,0.85395,20111200.0,0.85695,20120300.0
2011-12-12,0.851,20120600.0,0.8468,20120300.0,0.851,20120600.0
2012-03-02,0.8331,20120600.0,0.8345,20120300.0,0.8331,20120600.0
2012-03-07,0.8364,20120600.0,0.8359,20120300.0,0.8364,20120600.0
2012-03-08,0.8356,20120600.0,0.83555,20120300.0,0.8356,20120600.0
2012-03-09,0.8375,20120600.0,0.8378,20120300.0,0.8375,20120600.0
2012-03-12,0.8383,20120900.0,0.84215,20120600.0,0.8383,20120900.0
2012-06-04,0.8134,20120900.0,0.80765,20120600.0,0.8134,20120900.0
2012-06-05,0.8109,20120900.0,0.81255,20120600.0,0.8109,20120900.0
2012-06-06,0.8099,20120900.0,0.8088,20120600.0,0.8099,20120900.0
2012-06-07,0.8086,20120900.0,0.8125,20120600.0,0.8086,20120900.0
2012-06-08,0.8099,20120900.0,0.8089,20120600.0,0.8099,20120900.0
2012-06-11,0.81215,20121200.0,0.80665,20120900.0,0.81215,20121200.0
2012-09-05,0.7934,20121200.0,0.7901,20120900.0,0.7934,20121200.0
2012-09-06,0.79375,20121200.0,0.79365,20120900.0,0.79375,20121200.0
2012-09-07,0.79945,20121200.0,0.79315,20120900.0,0.79945,20121200.0
2012-09-10,0.7992,20121200.0,0.79925,20120900.0,0.7992,20121200.0
2012-09-11,0.79985,20130300.0,0.79985,20121200.0,0.79985,20130300.0
2012-12-03,0.8143,20130300.0,0.81245,20121200.0,0.8143,20130300.0
2012-12-04,0.81185,20130300.0,0.81335,20121200.0,0.81185,20130300.0
2012-12-05,0.8131,20130300.0,0.81405,20121200.0,0.8131,20130300.0
2012-12-06,0.8084,20130300.0,0.81165,20121200.0,0.8084,20130300.0
2012-12-07,0.8091,20130300.0,0.8079,20121200.0,0.8091,20130300.0
2012-12-10,0.8054,20130300.0,0.8056,20121200.0,0.8054,20130300.0
2012-12-11,0.8085,20130600.0,0.8068,20130300.0,0.8085,20130600.0
2013-03-05,0.8628,20130600.0,0.86195,20130300.0,0.8628,20130600.0
2013-03-06,0.86695,20130600.0,0.86285,20130300.0,0.86695,20130600.0
2013-03-07,0.8672,20130600.0,0.8662,20130300.0,0.8672,20130600.0
2013-03-08,0.8742,20130600.0,0.8734,20130300.0,0.8742,20130600.0
2013-03-10,0.87225,20130600.0,0.8715,20130300.0,0.87225,20130600.0
2013-03-11,0.8718,20130900.0,0.87555,20130600.0,0.8718,20130900.0
2013-06-03,0.85295,20130900.0,0.85425,20130600.0,0.85295,20130900.0
2013-06-04,0.85575,20130900.0,0.85335,20130600.0,0.85575,20130900.0
2013-06-05,0.8526,20130900.0,0.85365,20130600.0,0.8526,20130900.0
2013-06-06,0.85145,20130900.0,0.85005,20130600.0,0.85145,20130900.0
2013-06-07,0.85125,20130900.0,0.8507,20130600.0,0.85125,20130900.0
2013-06-10,0.85205,20130900.0,0.85005,20130600.0,0.85205,20130900.0
2013-06-11,0.8525,20131200.0,0.85165,20130900.0,0.8525,20131200.0
2013-09-02,0.8483,20131200.0,0.8498,20130900.0,0.8483,20131200.0
2013-09-03,0.84725,20131200.0,0.84665,20130900.0,0.84725,20131200.0
2013-09-04,0.84565,20131200.0,0.8459,20130900.0,0.84565,20131200.0
2013-09-05,0.8425,20131200.0,0.84335,20130900.0,0.8425,20131200.0
2013-09-06,0.84385,20131200.0,0.84105,20130900.0,0.84385,20131200.0
2013-09-09,0.8455,20131200.0,0.8422,20130900.0,0.8455,20131200.0
2013-09-10,0.8461,20131200.0,0.8449,20130900.0,0.8461,20131200.0
2013-09-11,0.84385,20140300.0,0.8434,20131200.0,0.84385,20140300.0
2013-12-02,0.8265,20140300.0,0.8286,20131200.0,0.8265,20140300.0
2013-12-04,0.8298,20140300.0,0.8292,20131200.0,0.8298,20140300.0
2013-12-05,0.8377,20140300.0,0.8314,20131200.0,0.8377,20140300.0
2013-12-06,0.8391,20140300.0,0.83715,20131200.0,0.8391,20140300.0
2013-12-09,0.83675,20140300.0,0.8396,20131200.0,0.83675,20140300.0
2013-12-10,0.8372,20140300.0,0.83675,20131200.0,0.8372,20140300.0
2013-12-11,0.83855,20140600.0,0.8424,20140300.0,0.83855,20140600.0
2014-03-05,0.8212,20140600.0,0.82435,20140300.0,0.8212,20140600.0
2014-03-06,0.8279,20140600.0,0.8211,20140300.0,0.8279,20140600.0
2014-03-07,0.82965,20140600.0,0.82845,20140300.0,0.82965,20140600.0
2014-03-10,0.83465,20140600.0,0.82985,20140300.0,0.83465,20140600.0
2014-03-11,0.8338,20140900.0,0.8338,20140600.0,0.8338,20140900.0
2014-06-02,0.8128,20140900.0,0.81405,20140600.0,0.8128,20140900.0
2014-06-03,0.8145,20140900.0,0.81235,20140600.0,0.8145,20140900.0
2014-06-04,0.8148,20140900.0,0.8140000000000001,20140600.0,0.8148,20140900.0
2014-06-05,0.81265,20140900.0,0.81245,20140600.0,0.81265,20140900.0
2014-06-06,0.81255,20140900.0,0.81235,20140600.0,0.81255,20140900.0
2014-06-09,0.8095,20140900.0,0.81185,20140600.0,0.8095,20140900.0
2014-06-10,0.80955,20140900.0,0.8089,20140600.0,0.80955,20140900.0
2014-06-11,0.80825,20141200.0,0.80845,20140900.0,0.80825,20141200.0
2014-09-02,0.79735,20141200.0,0.79235,20140900.0,0.79735,20141200.0
2014-09-03,0.7983,20141200.0,0.7971,20140900.0,0.7983,20141200.0
2014-09-04,0.7999,20141200.0,0.79875,20140900.0,0.7999,20141200.0
2014-09-05,0.7943,20141200.0,0.7927,20140900.0,0.7943,20141200.0
2014-09-07,0.8001,20141200.0,0.7988,20140900.0,0.8001,20141200.0
2014-09-08,0.80205,20141200.0,0.8005,20140900.0,0.80205,20141200.0
2014-09-09,0.80395,20141200.0,0.8012,20140900.0,0.80395,20141200.0
2014-09-10,0.8024,20141200.0,0.8016,20140900.0,0.8024,20141200.0
2014-09-11,0.79775,20150300.0,0.7971,20141200.0,0.79775,20150300.0
2014-12-02,0.79315,20150300.0,0.7931,20141200.0,0.79315,20150300.0
2014-12-03,0.78585,20150300.0,0.79085,20141200.0,0.78585,20150300.0
2014-12-04,0.7862,20150300.0,0.78485,20141200.0,0.7862,20150300.0
2014-12-05,0.78955,20150300.0,0.79105,20141200.0,0.78955,20150300.0
2014-12-07,0.79085,20150300.0,0.78995,20141200.0,0.79085,20150300.0
2014-12-08,0.7908,20150300.0,0.7895,20141200.0,0.7908,20150300.0
2014-12-09,0.7889,20150300.0,0.7878,20141200.0,0.7889,20150300.0
2014-12-10,0.7913,20150300.0,0.7898,20141200.0,0.7913,20150300.0
2014-12-11,0.79395,20150600.0,0.7936,20150300.0,0.79395,20150600.0
2015-03-02,0.72775,20150600.0,0.7261,20150300.0,0.72775,20150600.0
2015-03-03,0.7291,20150600.0,0.72795,20150300.0,0.7291,20150600.0
2015-03-04,0.72705,20150600.0,0.7276,20150300.0,0.72705,20150600.0
2015-03-05,0.72595,20150600.0,0.7246,20150300.0,0.72595,20150600.0
2015-03-06,0.72315,20150600.0,0.723,20150300.0,0.72315,20150600.0
2015-03-09,0.71865,20150600.0,0.7201,20150300.0,0.71865,20150600.0
2015-03-10,0.7109,20150600.0,0.7156,20150300.0,0.7109,20150600.0
2015-03-11,0.7099,20150900.0,0.7072,20150600.0,0.7099,20150900.0
2015-06-02,0.72945,20150900.0,0.7201,20150600.0,0.72945,20150900.0
2015-06-03,0.73655,20150900.0,0.72735,20150600.0,0.73655,20150900.0
2015-06-04,0.7345,20150900.0,0.7341,20150600.0,0.7345,20150900.0
2015-06-05,0.7292,20150900.0,0.7329,20150600.0,0.7292,20150900.0
2015-06-07,0.7290000000000001,20150900.0,0.72775,20150600.0,0.7290000000000001,20150900.0
2015-06-08,0.7314,20150900.0,0.7279,20150600.0,0.7314,20150900.0
2015-06-09,0.73745,20150900.0,0.7364,20150600.0,0.73745,20150900.0
2015-06-10,0.73425,20150900.0,0.733,20150600.0,0.73425,20150900.0
2015-06-11,0.7305,20151200.0,0.73265,20150900.0,0.7305,20151200.0
2015-09-02,0.73585,20151200.0,0.738,20150900.0,0.73585,20151200.0
2015-09-03,0.73075,20151200.0,0.73445,20150900.0,0.73075,20151200.0
2015-09-04,0.7362,20151200.0,0.7301,20150900.0,0.7362,20151200.0
2015-09-07,0.7348,20151200.0,0.7335,20150900.0,0.7348,20151200.0
2015-09-08,0.73065,20151200.0,0.7293,20150900.0,0.73065,20151200.0
2015-09-09,0.7271,20151200.0,0.72555,20150900.0,0.7271,20151200.0
2015-09-10,0.7323,20151200.0,0.7302,20150900.0,0.7323,20151200.0
2015-09-11,0.73275,20160300.0,0.73205,20151200.0,0.73275,20160300.0
2015-12-02,0.7125,20160300.0,0.70465,20151200.0,0.7125,20160300.0
2015-12-03,0.72535,20160300.0,0.7093,20151200.0,0.72535,20160300.0
2015-12-04,0.72045,20160300.0,0.72255,20151200.0,0.72045,20160300.0
2015-12-07,0.7221,20160300.0,0.7198,20151200.0,0.7221,20160300.0
2015-12-08,0.72285,20160300.0,0.72145,20151200.0,0.72285,20160300.0
2015-12-09,0.72725,20160300.0,0.7267,20151200.0,0.72725,20160300.0
2015-12-10,0.72615,20160300.0,0.7243,20151200.0,0.72615,20160300.0
2015-12-11,0.72485,20160600.0,0.7237,20160300.0,0.72485,20160600.0
2016-03-02,0.7734,20160600.0,0.77685,20160300.0,0.7734,20160600.0
2016-03-03,0.7752,20160600.0,0.77135,20160300.0,0.7752,20160600.0
2016-03-04,0.7755,20160600.0,0.77345,20160300.0,0.7755,20160600.0
2016-03-07,0.7756,20160600.0,0.7746,20160300.0,0.7756,20160600.0
2016-03-08,0.7758,20160600.0,0.77255,20160300.0,0.7758,20160600.0
2016-03-09,0.7758,20160600.0,0.7738,20160300.0,0.7758,20160600.0
2016-03-10,0.78455,20160600.0,0.77305,20160300.0,0.78455,20160600.0
2016-03-11,0.78445,20160900.0,0.7844,20160600.0,0.78445,20160900.0
2016-06-02,0.7751,20160900.0,0.77565,20160600.0,0.7751,20160900.0
2016-06-03,0.7826,20160900.0,0.7735,20160600.0,0.7826,20160900.0
2016-06-05,0.7916,20160900.0,0.7893,20160600.0,0.7916,20160900.0
2016-06-06,0.7888,20160900.0,0.78915,20160600.0,0.7888,20160900.0
2016-06-07,0.78525,20160900.0,0.7829999999999999,20160600.0,0.78525,20160900.0
2016-06-08,0.78385,20160900.0,0.7817,20160600.0,0.78385,20160900.0
2016-06-09,0.7872,20160900.0,0.78515,20160600.0,0.7872,20160900.0
2016-06-10,0.78385,20161200.0,0.7841,20160900.0,0.78385,20161200.0
2016-09-02,0.84215,20161200.0,0.84305,20160900.0,0.84215,20161200.0
2016-09-05,0.8364,20161200.0,0.84005,20160900.0,0.8364,20161200.0
2016-09-06,0.8392,20161200.0,0.83575,20160900.0,0.8392,20161200.0
2016-09-07,0.8411,20161200.0,0.83875,20160900.0,0.8411,20161200.0
2016-09-08,0.8457,20161200.0,0.8443,20160900.0,0.8457,20161200.0
2016-09-09,0.84795,20161200.0,0.8468,20160900.0,0.84795,20161200.0
2016-09-12,0.8490000000000001,20170300.0,0.8496,20161200.0,0.8490000000000001,20170300.0
2016-12-01,0.84715,20170300.0,0.8481,20161200.0,0.84715,20170300.0
2016-12-02,0.8439,20170300.0,0.8468,20161200.0,0.8439,20170300.0
2016-12-04,0.8345,20170300.0,0.835,20161200.0,0.8345,20170300.0
2016-12-05,0.8349,20170300.0,0.8327,20161200.0,0.8349,20170300.0
2016-12-06,0.8457,20170300.0,0.8423,20161200.0,0.8457,20170300.0
2016-12-07,0.8541,20170300.0,0.8473,20161200.0,0.8541,20170300.0
2016-12-08,0.8455,20170300.0,0.85135,20161200.0,0.8455,20170300.0
2016-12-09,0.8413,20170300.0,0.84345,20161200.0,0.8413,20170300.0
2016-12-11,0.8393,20170300.0,0.8374,20161200.0,0.8393,20170300.0
2017-03-02,0.8587,20170600.0,0.8579,20170300.0,0.8587,20170600.0
2017-03-03,0.8653,20170600.0,0.85815,20170300.0,0.8653,20170600.0
2017-03-06,0.86565,20170600.0,0.8628,20170300.0,0.86565,20170600.0
2017-03-07,0.86795,20170600.0,0.866,20170300.0,0.86795,20170600.0
2017-03-08,0.8681,20170600.0,0.8657,20170300.0,0.8681,20170600.0
2017-03-09,0.86805,20170600.0,0.86645,20170300.0,0.86805,20170600.0
2017-03-10,0.873,20170900.0,0.87305,20170600.0,0.873,20170900.0
2017-06-02,0.87465,20170900.0,0.87255,20170600.0,0.87465,20170900.0
2017-06-05,0.8718,20170900.0,0.87555,20170600.0,0.8718,20170900.0
2017-06-06,0.8763,20170900.0,0.87205,20170600.0,0.8763,20170900.0
2017-06-07,0.87555,20170900.0,0.87355,20170600.0,0.87555,20170900.0
2017-06-08,0.87905,20170900.0,0.8678,20170600.0,0.87905,20170900.0
2017-06-09,0.8863,20170900.0,0.88325,20170600.0,0.8863,20170900.0
2017-06-12,0.8805,20171200.0,0.8809999999999999,20170900.0,0.8805,20171200.0
2017-09-04,0.9235,20171200.0,0.91795,20170900.0,0.9235,20171200.0
2017-09-05,0.9159,20171200.0,0.9212,20170900.0,0.9159,20171200.0
2017-09-06,0.91565,20171200.0,0.91565,20170900.0,0.91565,20171200.0
2017-09-07,0.9202,20171200.0,0.9149,20170900.0,0.9202,20171200.0
2017-09-08,0.9133,20171200.0,0.9186,20170900.0,0.9133,20171200.0
2017-09-11,0.91235,20180300.0,0.9122,20171200.0,0.91235,20180300.0
2017-12-01,0.88535,20180300.0,0.8821,20171200.0,0.88535,20180300.0
2017-12-04,0.8825,20180300.0,0.8825,20171200.0,0.8825,20180300.0
2017-12-05,0.884,20180300.0,0.88345,20171200.0,0.884,20180300.0
2017-12-06,0.8849,20180300.0,0.8822,20171200.0,0.8849,20180300.0
2017-12-07,0.88445,20180300.0,0.8819,20171200.0,0.88445,20180300.0
2017-12-08,0.87535,20180300.0,0.8736,20171200.0,0.87535,20180300.0
2017-12-11,0.88155,20180600.0,0.88135,20180300.0,0.88155,20180600.0
2018-03-02,0.8969,20180600.0,0.89045,20180300.0,0.8969,20180600.0
2018-03-05,0.892,20180600.0,0.89205,20180300.0,0.892,20180600.0
2018-03-06,0.89665,20180600.0,0.8924,20180300.0,0.89665,20180600.0
2018-03-07,0.89545,20180600.0,0.8941,20180300.0,0.89545,20180600.0
2018-03-08,0.895,20180600.0,0.8927,20180300.0,0.895,20180600.0
2018-03-09,0.8914,20180600.0,0.89265,20180300.0,0.8914,20180600.0
2018-03-12,0.89185,20180900.0,0.8901,20180600.0,0.89185,20180900.0
2018-06-04,0.8809999999999999,20180900.0,0.8747,20180600.0,0.8809999999999999,20180900.0
2018-06-05,0.87665,20180900.0,0.87865,20180600.0,0.87665,20180900.0
2018-06-06,0.877,20180900.0,0.8748,20180600.0,0.877,20180900.0
2018-06-07,0.88265,20180900.0,0.87895,20180600.0,0.88265,20180900.0
2018-06-08,0.8803,20180900.0,0.8781,20180600.0,0.8803,20180900.0
2018-06-11,0.88185,20181200.0,0.88265,20180900.0,0.88185,20181200.0
2018-09-03,0.90235,20181200.0,0.89885,20180900.0,0.90235,20181200.0
2018-09-04,0.90425,20181200.0,0.90175,20180900.0,0.90425,20181200.0
2018-09-05,0.9043,20181200.0,0.9016,20180900.0,0.9043,20181200.0
2018-09-06,0.90495,20181200.0,0.90035,20180900.0,0.90495,20181200.0
2018-09-07,0.90255,20181200.0,0.8999,20180900.0,0.90255,20181200.0
2018-09-10,0.8968,20181200.0,0.89405,20180900.0,0.8968,20181200.0
2018-09-11,0.8931,20190300.0,0.89345,20181200.0,0.8931,20190300.0
2018-12-03,0.89495,20190300.0,0.8896,20181200.0,0.89495,20190300.0
2018-12-04,0.8968,20190300.0,0.8941,20181200.0,0.8968,20190300.0
2018-12-05,0.8959999999999999,20190300.0,0.8927,20181200.0,0.8959999999999999,20190300.0
2018-12-06,0.8936,20190300.0,0.89195,20181200.0,0.8936,20190300.0
2018-12-07,0.8984,20190300.0,0.8905,20181200.0,0.8984,20190300.0
2018-12-09,0.8997,20190300.0,0.8965,20181200.0,0.8997,20190300.0
2018-12-10,0.9008,20190300.0,0.8976,20181200.0,0.9008,20190300.0
2018-12-11,0.907,20190600.0,0.9073,20190300.0,0.907,20190600.0
2019-03-04,0.8621,20190600.0,0.8592,20190300.0,0.8621,20190600.0
2019-03-05,0.86205,20190600.0,0.8611,20190300.0,0.86205,20190600.0
2019-03-06,0.86335,20190600.0,0.86055,20190300.0,0.86335,20190600.0
2019-03-07,0.8583,20190600.0,0.8585,20190300.0,0.8583,20190600.0
2019-03-08,0.85865,20190600.0,0.856,20190300.0,0.85865,20190600.0
2019-03-10,0.8681,20190600.0,0.86535,20190300.0,0.8681,20190600.0
2019-03-11,0.8689,20190900.0,0.8687,20190600.0,0.8689,20190900.0
2019-06-03,0.88735,20190900.0,0.8839,20190600.0,0.88735,20190900.0
2019-06-04,0.8892,20190900.0,0.8888,20190600.0,0.8892,20190900.0
2019-06-05,0.8898,20190900.0,0.88695,20190600.0,0.8898,20190900.0
2019-06-06,0.8913,20190900.0,0.88595,20190600.0,0.8913,20190900.0
2019-06-07,0.8895,20190900.0,0.88685,20190600.0,0.8895,20190900.0
2019-06-09,0.89285,20190900.0,0.8897,20190600.0,0.89285,20190900.0
2019-06-10,0.89465,20190900.0,0.8902,20190600.0,0.89465,20190900.0
2019-06-11,0.89475,20191200.0,0.89595,20190900.0,0.89475,20191200.0
2019-09-03,0.9163,20191200.0,0.9129,20190900.0,0.9163,20191200.0
2019-09-04,0.9062,20191200.0,0.90555,20190900.0,0.9062,20191200.0
2019-09-05,0.8986,20191200.0,0.90185,20190900.0,0.8986,20191200.0
2019-09-06,0.9005,20191200.0,0.8959,20190900.0,0.9005,20191200.0
2019-09-08,0.89925,20191200.0,0.89755,20190900.0,0.89925,20191200.0
2019-09-09,0.8983,20191200.0,0.89945,20190900.0,0.8983,20191200.0
2019-09-10,0.89565,20191200.0,0.8934,20190900.0,0.89565,20191200.0
2019-09-11,0.89795,20200300.0,0.89605,20191200.0,0.89795,20200300.0
2019-12-02,0.86015,20200300.0,0.85335,20191200.0,0.86015,20200300.0
2019-12-03,0.856,20200300.0,0.8559,20191200.0,0.856,20200300.0
2019-12-04,0.8493,20200300.0,0.85275,20191200.0,0.8493,20200300.0
2019-12-05,0.84665,20200300.0,0.8456,20191200.0,0.84665,20200300.0
2019-12-06,0.84455,20200300.0,0.84405,20191200.0,0.84455,20200300.0
2019-12-09,0.84255,20200300.0,0.83965,20191200.0,0.84255,20200300.0
2019-12-10,0.8482,20200300.0,0.84155,20191200.0,0.8482,20200300.0
2019-12-11,0.8465,20200600.0,0.846,20200300.0,0.8465,20200600.0
2020-03-02,0.8749,20200600.0,0.86045,20200300.0,0.8749,20200600.0
2020-03-03,0.875,20200600.0,0.8713,20200300.0,0.875,20200600.0
2020-03-04,0.86785,20200600.0,0.87105,20200300.0,0.86785,20200600.0
2020-03-05,0.86775,20200600.0,0.8648,20200300.0,0.86775,20200600.0
2020-03-06,0.86935,20200600.0,0.86675,20200300.0,0.86935,20200600.0
2020-03-09,0.87625,20200600.0,0.87085,20200300.0,0.87625,20200600.0
2020-03-10,0.87325,20200600.0,0.87145,20200300.0,0.87325,20200600.0
2020-03-11,0.87975,20200900.0,0.88095,20200600.0,0.87975,20200900.0
2020-06-02,0.8931,20200900.0,0.88755,20200600.0,0.8931,20200900.0
2020-06-03,0.89185,20200900.0,0.89045,20200600.0,0.89185,20200900.0
2020-06-04,0.8964,20200900.0,0.89465,20200600.0,0.8964,20200900.0
2020-06-05,0.89095,20200900.0,0.8991,20200600.0,0.89095,20200900.0
2020-06-07,0.8911,20200900.0,0.8898,20200600.0,0.8911,20200900.0
2020-06-08,0.88915,20200900.0,0.8902,20200600.0,0.88915,20200900.0
2020-06-09,0.88885,20200900.0,0.8873,20200600.0,0.88885,20200900.0
2020-06-10,0.8917,20200900.0,0.8898,20200600.0,0.8917,20200900.0
2020-06-11,0.8951,20201200.0,0.8972,20200900.0,0.8951,20201200.0
2020-09-02,0.8917,20201200.0,0.89035,20200900.0,0.8917,20201200.0
2020-09-03,0.8948,20201200.0,0.88805,20200900.0,0.8948,20201200.0
2020-09-04,0.89275,20201200.0,0.89275,20200900.0,0.89275,20201200.0
2020-09-07,0.8975,20201200.0,0.8958,20200900.0,0.8975,20201200.0
2020-09-08,0.9007,20201200.0,0.89885,20200900.0,0.9007,20201200.0
2020-09-09,0.9118,20201200.0,0.91005,20200900.0,0.9118,20201200.0
2020-09-10,0.9106,20201200.0,0.90895,20200900.0,0.9106,20201200.0
2020-09-11,0.92515,20210300.0,0.9247,20201200.0,0.92515,20210300.0
2020-12-01,0.9007,20210300.0,0.8948,20201200.0,0.9007,20210300.0
2020-12-02,0.9068,20210300.0,0.9001,20201200.0,0.9068,20210300.0
2020-12-03,0.90435,20210300.0,0.90465,20201200.0,0.90435,20210300.0
2020-12-04,0.9046,20210300.0,0.9027,20201200.0,0.9046,20210300.0
2020-12-06,0.90505,20210300.0,0.90375,20201200.0,0.90505,20210300.0
2020-12-07,0.9049,20210300.0,0.9043,20201200.0,0.9049,20210300.0
2020-12-08,0.90815,20210300.0,0.9079,20201200.0,0.90815,20210300.0
2020-12-09,0.90565,20210300.0,0.90575,20201200.0,0.90565,20210300.0
2020-12-10,0.90705,20210300.0,0.90595,20201200.0,0.90705,20210300.0
2020-12-11,0.9146,20210600.0,0.91425,20210300.0,0.9146,20210600.0
2021-03-02,0.8662,20210600.0,0.86595,20210300.0,0.8662,20210600.0
2021-03-03,0.86815,20210600.0,0.866,20210300.0,0.86815,20210600.0
2021-03-04,0.8625,20210600.0,0.8643,20210300.0,0.8625,20210600.0
2021-03-05,0.8651,20210600.0,0.86135,20210300.0,0.8651,20210600.0
2021-03-07,0.8622,20210600.0,0.86115,20210300.0,0.8622,20210600.0
2021-03-08,0.8586,20210600.0,0.86095,20210300.0,0.8586,20210600.0
2021-03-09,0.85815,20210600.0,0.857,20210300.0,0.85815,20210600.0
2021-03-10,0.85815,20210600.0,0.8572,20210300.0,0.85815,20210600.0
2021-03-11,0.8575,20210900.0,0.85805,20210600.0,0.8575,20210900.0
2021-05-07,0.87,20210900.0,0.86755,20210600.0,0.87,20210900.0
2021-05-10,0.8634,20210900.0,0.865,20210600.0,0.8634,20210900.0
2021-05-19,0.86125,20210900.0,0.86315,20210600.0,0.86125,20210900.0
2021-05-26,0.86545,20210900.0,0.86595,20210600.0,0.86545,20210900.0
2021-05-27,0.86145,20210900.0,0.8648,20210600.0,0.86145,20210900.0
2021-05-28,0.8596,20210900.0,0.85885,20210600.0,0.8596,20210900.0
2021-05-30,0.86045,20210900.0,0.8594,20210600.0,0.86045,20210900.0
2021-06-01,0.8661,20210900.0,0.8598,20210600.0,0.8661,20210900.0
2021-06-02,0.8629,20210900.0,0.8632,20210600.0,0.8629,20210900.0
2021-06-03,0.86165,20210900.0,0.8614,20210600.0,0.86165,20210900.0
2021-06-04,0.86035,20210900.0,0.85875,20210600.0,0.86035,20210900.0
2021-06-07,0.86265,20210900.0,0.8609,20210600.0,0.86265,20210900.0
2021-06-08,0.86185,20210900.0,0.8602,20210600.0,0.86185,20210900.0
2021-06-09,0.86155,20210900.0,0.8593,20210600.0,0.86155,20210900.0
2021-06-10,0.8640000000000001,20210900.0,0.8624,20210600.0,0.8640000000000001,20210900.0
2021-06-11,0.8608,20211200.0,0.86115,20210900.0,0.8608,20211200.0
2021-06-14,0.86165,20211200.0,0.85925,20210900.0,0.86165,20211200.0
2021-06-15,0.8639501,20211200.0,0.8602,20210900.0,0.8639501,20211200.0
2021-06-16,0.86125,20211200.0,0.86075,20210900.0,0.86125,20211200.0
2021-06-17,0.8583,20211200.0,0.85805,20210900.0,0.8583,20211200.0
2021-06-18,0.86195,20211200.0,0.85905,20210900.0,0.86195,20211200.0
2021-06-21,0.8577501000000001,20211200.0,0.8607,20210900.0,0.8577501000000001,20211200.0
2021-06-22,0.8589501,20211200.0,0.85725,20210900.0,0.8589501,20211200.0
2021-06-23,0.8570001,20211200.0,0.85545,20210900.0,0.8570001,20211200.0
2021-06-24,0.8593,20211200.0,0.8562,20210900.0,0.8593,20211200.0
2021-06-25,0.8625,20211200.0,0.85895,20210900.0,0.8625,20211200.0
2021-06-28,0.8617501000000001,20211200.0,0.858,20210900.0,0.8617501000000001,20211200.0
2021-06-29,0.86195,20211200.0,0.8606,20210900.0,0.86195,20211200.0
2021-06-30,0.8609501,20211200.0,0.86145,20210900.0,0.8609501,20211200.0
2021-07-01,0.8635001,20211200.0,0.8582,20210900.0,0.8635001,20211200.0
2021-07-02,0.86045,20211200.0,0.8619,20210900.0,0.86045,20211200.0
2021-07-06,0.8593,20211200.0,0.8568,20210900.0,0.8593,20211200.0
2021-07-07,0.85795,20211200.0,0.8576,20210900.0,0.85795,20211200.0
2021-07-08,0.86195,20211200.0,0.85755,20210900.0,0.86195,20211200.0
2021-07-09,0.8575,20211200.0,0.86025,20210900.0,0.8575,20211200.0
2021-07-12,0.8571501,20211200.0,0.85495,20210900.0,0.8571501,20211200.0
2021-07-13,0.85485,20211200.0,0.8554,20210900.0,0.85485,20211200.0
2021-07-14,0.8564001,20211200.0,0.8525,20210900.0,0.8564001,20211200.0
2021-07-15,0.85725,20211200.0,0.8547,20210900.0,0.85725,20211200.0
2021-07-16,0.8599501,20211200.0,0.85575,20210900.0,0.8599501,20211200.0
2021-07-19,0.8656,20211200.0,0.8590000000000001,20210900.0,0.8656,20211200.0
2021-07-20,0.867,20211200.0,0.8649,20210900.0,0.867,20211200.0
2021-07-21,0.86265,20211200.0,0.86485,20210900.0,0.86265,20211200.0
2021-07-22,0.85675,20211200.0,0.85945,20210900.0,0.85675,20211200.0
2021-07-23,0.85805,20211200.0,0.85655,20210900.0,0.85805,20211200.0
2021-07-26,0.8564501,20211200.0,0.8576,20210900.0,0.8564501,20211200.0
2021-07-27,0.8534501,20211200.0,0.8541,20210900.0,0.8534501,20211200.0
2021-07-28,0.8534001,20211200.0,0.85155,20210900.0,0.8534001,20211200.0
2021-07-29,0.8532001,20211200.0,0.85165,20210900.0,0.8532001,20211200.0
2021-07-30,0.8555,20211200.0,0.8525,20210900.0,0.8555,20211200.0
2021-08-02,0.8567001000000001,20211200.0,0.8541,20210900.0,0.8567001000000001,20211200.0
2021-08-03,0.8545001,20211200.0,0.8551,20210900.0,0.8545001,20211200.0
2021-08-04,0.85435,20211200.0,0.85255,20210900.0,0.85435,20211200.0
2021-08-05,0.85145,20211200.0,0.85235,20210900.0,0.85145,20211200.0
2021-08-06,0.84935,20211200.0,0.84975,20210900.0,0.84935,20211200.0
2021-08-09,0.84935,20211200.0,0.84765,20210900.0,0.84935,20211200.0
2021-08-10,0.8488,20211200.0,0.84795,20210900.0,0.8488,20211200.0
2021-08-11,0.8484501,20211200.0,0.8476,20210900.0,0.8484501,20211200.0
2021-08-12,0.8518,20211200.0,0.84685,20210900.0,0.8518,20211200.0
2021-08-13,0.8523,20211200.0,0.85025,20210900.0,0.8523,20211200.0
2021-08-16,0.8528,20211200.0,0.8517,20210900.0,0.8528,20211200.0
2021-08-17,0.8543,20211200.0,0.8526,20210900.0,0.8543,20211200.0
2021-08-18,0.8528,20211200.0,0.8529,20210900.0,0.8528,20211200.0
2021-08-19,0.8578,20211200.0,0.8522,20210900.0,0.8578,20211200.0
2021-08-20,0.86035,20211200.0,0.8582,20210900.0,0.86035,20211200.0
2021-08-23,0.85735,20211200.0,0.85835,20210900.0,0.85735,20211200.0
2021-08-24,0.8578,20211200.0,0.85475,20210900.0,0.8578,20211200.0
2021-08-25,0.85755,20211200.0,0.85595,20210900.0,0.85755,20211200.0
2021-08-26,0.85975,20211200.0,0.85805,20210900.0,0.85975,20211200.0
2021-08-27,0.8585,20211200.0,0.85775,20210900.0,0.8585,20211200.0
2021-08-31,0.8592,20211200.0,0.85875,20210900.0,0.8592,20211200.0
2021-09-01,0.8616,20211200.0,0.8601,20210900.0,0.8616,20211200.0
2021-09-02,0.85975,20211200.0,0.85845,20210900.0,0.85975,20211200.0
2021-09-03,0.85885,20211200.0,0.8571,20210900.0,0.85885,20211200.0
2021-09-07,0.8607,20211200.0,0.8592,20210900.0,0.8607,20211200.0
2021-09-08,0.8599,20220300.0,0.85955,20211200.0,0.8599,20220300.0
2021-10-04,0.85675,20220300.0,0.8551,20211200.0,0.85675,20220300.0
2021-10-07,0.85105,20220300.0,0.8496,20211200.0,0.85105,20220300.0
2021-10-20,0.84655,20220300.0,0.84365,20211200.0,0.84655,20220300.0
2021-11-01,0.8521,20220300.0,0.8502,20211200.0,0.8521,20220300.0
2021-11-15,0.852,20220300.0,0.84795,20211200.0,0.852,20220300.0
2021-11-17,0.84155,20220300.0,0.83925,20211200.0,0.84155,20220300.0
2021-11-23,0.84285,20220300.0,0.84125,20211200.0,0.84285,20220300.0
2021-11-26,0.85,20220300.0,0.8483,20211200.0,0.85,20220300.0
2021-11-29,0.84925,20220300.0,0.8481,20211200.0,0.84925,20220300.0
2021-11-30,0.8555,20220300.0,0.85255,20211200.0,0.8555,20220300.0
2021-12-03,0.856,20220300.0,0.85455,20211200.0,0.856,20220300.0
2021-12-06,0.85235,20220300.0,0.85085,20211200.0,0.85235,20220300.0
2021-12-07,0.8525,20220600.0,0.8529,20220300.0,0.8525,20220600.0
2021-12-22,0.85265,20220600.0,0.84985,20220300.0,0.85265,20220600.0
2021-12-23,0.84915,20220600.0,0.84655,20220300.0,0.84915,20220600.0
2021-12-27,0.84665,20220600.0,0.8441,20220300.0,0.84665,20220600.0
2021-12-28,0.84605,20220600.0,0.8436,20220300.0,0.84605,20220600.0
2021-12-29,0.8452,20220600.0,0.84295,20220300.0,0.8452,20220600.0
2021-12-30,0.84265,20220600.0,0.84015,20220300.0,0.84265,20220600.0
2022-01-03,0.8418,20220600.0,0.8395,20220300.0,0.8418,20220600.0
2022-01-04,0.8379,20220600.0,0.8357,20220300.0,0.8379,20220600.0
2022-01-05,0.83795,20220600.0,0.836,20220300.0,0.83795,20220600.0
2022-01-06,0.8384,20220600.0,0.8361,20220300.0,0.8384,20220600.0
2022-01-10,0.83835,20220600.0,0.8356,20220300.0,0.83835,20220600.0
2022-01-11,0.83795,20220600.0,0.83505,20220300.0,0.83795,20220600.0
2022-01-12,0.8388,20220600.0,0.8361,20220300.0,0.8388,20220600.0
2022-01-13,0.8391,20220600.0,0.8367,20220300.0,0.8391,20220600.0
2022-01-14,0.8384,20220600.0,0.8358,20220300.0,0.8384,20220600.0
2022-01-18,0.83675,20220600.0,0.83405,20220300.0,0.83675,20220600.0
2022-01-20,0.83515,20220600.0,0.83295,20220300.0,0.83515,20220600.0
2022-01-21,0.8397,20220600.0,0.8382,20220300.0,0.8397,20220600.0
2022-01-24,0.8449,20220600.0,0.8408,20220300.0,0.8449,20220600.0
2022-01-25,0.83995,20220600.0,0.83795,20220300.0,0.83995,20220600.0
2022-01-26,0.8389,20220600.0,0.8359,20220300.0,0.8389,20220600.0
2022-01-27,0.83605,20220600.0,0.8338,20220300.0,0.83605,20220600.0
2022-01-28,0.836,20220600.0,0.8333,20220300.0,0.836,20220600.0
2022-01-31,0.8384,20220600.0,0.8365,20220300.0,0.8384,20220600.0
2022-02-01,0.8368,20220600.0,0.8344,20220300.0,0.8368,20220600.0
2022-02-02,0.83705,20220600.0,0.83395,20220300.0,0.83705,20220600.0
2022-02-03,0.84505,20220600.0,0.84195,20220300.0,0.84505,20220600.0
2022-02-04,0.8486,20220600.0,0.8473,20220300.0,0.8486,20220600.0
2022-02-07,0.8493,20220600.0,0.846,20220300.0,0.8493,20220600.0
2022-02-08,0.84685,20220600.0,0.8437,20220300.0,0.84685,20220600.0
2022-02-09,0.84855,20220600.0,0.84485,20220300.0,0.84855,20220600.0
2022-02-11,0.84125,20220600.0,0.8371,20220300.0,0.84125,20220600.0
2022-02-14,0.8395,20220600.0,0.83635,20220300.0,0.8395,20220600.0
2022-02-16,0.84135,20220600.0,0.83795,20220300.0,0.84135,20220600.0
2022-02-17,0.8375,20220600.0,0.83505,20220300.0,0.8375,20220600.0
2022-02-18,0.8389,20220600.0,0.8333,20220300.0,0.8389,20220600.0
2022-02-21,0.8351,20220600.0,0.8319,20220300.0,0.8351,20220600.0
2022-02-22,0.8376,20220600.0,0.83395,20220300.0,0.8376,20220600.0
2022-02-24,0.8397,20220600.0,0.83735,20220300.0,0.8397,20220600.0
2022-02-25,0.8413,20220600.0,0.8409,20220300.0,0.8413,20220600.0
2022-02-28,0.83995,20220600.0,0.83685,20220300.0,0.83995,20220600.0
2022-03-01,0.83875,20220600.0,0.8358,20220300.0,0.83875,20220600.0
2022-03-02,0.83295,20220600.0,0.83015,20220300.0,0.83295,20220600.0
2022-03-03,0.8324,20220600.0,0.82915,20220300.0,0.8324,20220600.0
2022-03-04,0.82945,20220900.0,0.8287,20220600.0,0.82945,20220900.0
2022-03-23,0.84095,20220900.0,0.8364,20220600.0,0.84095,20220900.0
2022-03-24,0.84155,20220900.0,0.8367,20220600.0,0.84155,20220900.0
2022-03-25,0.84065,20220900.0,0.8356,20220600.0,0.84065,20220900.0
2022-03-29,0.8538,20220900.0,0.84935,20220600.0,0.8538,20220900.0
2022-03-30,0.85665,20220900.0,0.85215,20220600.0,0.85665,20220900.0
2022-04-01,0.8502,20220900.0,0.845,20220600.0,0.8502,20220900.0
2022-04-04,0.84405,20220900.0,0.8389,20220600.0,0.84405,20220900.0
2022-04-05,0.8412,20220900.0,0.83665,20220600.0,0.8412,20220900.0
2022-04-06,0.8414,20220900.0,0.83615,20220600.0,0.8414,20220900.0
2022-04-07,0.83935,20220900.0,0.83455,20220600.0,0.83935,20220900.0
2022-04-08,0.83935,20220900.0,0.83645,20220600.0,0.83935,20220900.0
2022-04-11,0.8394,20220900.0,0.83765,20220600.0,0.8394,20220900.0
2022-04-12,0.8396,20220900.0,0.83485,20220600.0,0.8396,20220900.0
2022-04-13,0.8386,20220900.0,0.8324,20220600.0,0.8386,20220900.0
2022-04-14,0.8345,20220900.0,0.8302,20220600.0,0.8345,20220900.0
2022-04-18,0.8353,20220900.0,0.8306,20220600.0,0.8353,20220900.0
2022-04-19,0.8364,20220900.0,0.8319,20220600.0,0.8364,20220900.0
2022-04-21,0.83845,20220900.0,0.8334,20220600.0,0.83845,20220900.0
2022-04-25,0.84735,20220900.0,0.8426,20220600.0,0.84735,20220900.0
2022-04-26,0.85195,20220900.0,0.8477,20220600.0,0.85195,20220900.0
2022-04-27,0.84825,20220900.0,0.84345,20220600.0,0.84825,20220900.0
2022-04-28,0.84905,20220900.0,0.84445,20220600.0,0.84905,20220900.0
2022-04-29,0.84495,20220900.0,0.83965,20220600.0,0.84495,20220900.0
2022-05-02,0.84715,20220900.0,0.84265,20220600.0,0.84715,20220900.0
2022-05-03,0.8489,20220900.0,0.84365,20220600.0,0.8489,20220900.0
2022-05-04,0.8499,20220900.0,0.84215,20220600.0,0.8499,20220900.0
2022-05-05,0.85705,20220900.0,0.8543,20220600.0,0.85705,20220900.0
2022-05-06,0.8608,20220900.0,0.8562,20220600.0,0.8608,20220900.0
2022-05-09,0.86145,20220900.0,0.8577,20220600.0,0.86145,20220900.0
2022-05-10,0.86065,20220900.0,0.8563,20220600.0,0.86065,20220900.0
2022-05-12,0.8571,20220900.0,0.85215,20220600.0,0.8571,20220900.0
2022-05-13,0.8551,20220900.0,0.85125,20220600.0,0.8551,20220900.0
2022-05-16,0.8524,20220900.0,0.84785,20220600.0,0.8524,20220900.0
2022-05-17,0.85005,20220900.0,0.8456,20220600.0,0.85005,20220900.0
2022-05-18,0.85365,20220900.0,0.84845,20220600.0,0.85365,20220900.0
2022-05-20,0.85475,20220900.0,0.84605,20220600.0,0.85475,20220900.0
2022-05-23,0.8551,20220900.0,0.8503,20220600.0,0.8551,20220900.0
2022-05-24,0.8631,20220900.0,0.85735,20220600.0,0.8631,20220900.0
2022-05-25,0.8549,20220900.0,0.8494,20220600.0,0.8549,20220900.0
2022-05-26,0.85725,20220900.0,0.85155,20220600.0,0.85725,20220900.0
2022-05-27,0.8529,20220900.0,0.85005,20220600.0,0.8529,20220900.0
2022-05-30,0.85585,20220900.0,0.85225,20220600.0,0.85585,20220900.0
2022-05-31,0.8553,20220900.0,0.85195,20220600.0,0.8553,20220900.0
2022-06-01,0.86135,20221200.0,0.85795,20220900.0,0.86135,20221200.0
2022-06-02,0.86285,20221200.0,0.8592,20220900.0,0.86285,20221200.0
2022-06-03,0.86585,20221200.0,0.8629,20220900.0,0.86585,20221200.0
2022-06-06,0.861,20221200.0,0.85705,20220900.0,0.861,20221200.0
2022-06-07,0.8587,20221200.0,0.8547,20220900.0,0.8587,20221200.0
2022-06-08,0.8627,20221200.0,0.8593,20220900.0,0.8627,20221200.0
2022-06-09,0.85805,20221200.0,0.8544,20220900.0,0.85805,20221200.0
2022-06-10,0.863,20221200.0,0.85885,20220900.0,0.863,20221200.0
2022-06-13,0.8674,20221200.0,0.8622,20220900.0,0.8674,20221200.0
2022-06-14,0.87815,20221200.0,0.8727,20220900.0,0.87815,20221200.0
2022-06-15,0.86825,20221200.0,0.8625,20220900.0,0.86825,20221200.0
2022-06-16,0.86425,20221200.0,0.8583,20220900.0,0.86425,20221200.0
2022-06-17,0.8678,20221200.0,0.8628,20220900.0,0.8678,20221200.0
2022-06-21,0.86645,20221200.0,0.8622,20220900.0,0.86645,20221200.0
2022-06-22,0.8701,20221200.0,0.8658,20220900.0,0.8701,20221200.0
2022-06-23,0.8669,20221200.0,0.86225,20220900.0,0.8669,20221200.0
2022-06-24,0.8679,20221200.0,0.86365,20220900.0,0.8679,20221200.0
2022-06-27,0.87025,20221200.0,0.8666,20220900.0,0.87025,20221200.0
2022-06-28,0.87185,20221200.0,0.8672,20220900.0,0.87185,20221200.0
2022-06-29,0.86965,20221200.0,0.865,20220900.0,0.86965,20221200.0
2022-06-30,0.8682,20221200.0,0.8645,20220900.0,0.8682,20221200.0
2022-07-01,0.86965,20221200.0,0.8655,20220900.0,0.86965,20221200.0
2022-07-04,0.86965,20221200.0,0.8649,20220900.0,0.86965,20221200.0
2022-07-05,0.86655,20221200.0,0.8617,20220900.0,0.86655,20221200.0
2022-07-06,0.86145,20221200.0,0.8576,20220900.0,0.86145,20221200.0
2022-07-07,0.85285,20221200.0,0.84805,20220900.0,0.85285,20221200.0
2022-07-08,0.8532,20221200.0,0.84965,20220900.0,0.8532,20221200.0
2022-07-11,0.853,20221200.0,0.84715,20220900.0,0.853,20221200.0
2022-07-12,0.8513,20221200.0,0.8473,20220900.0,0.8513,20221200.0
2022-07-13,0.85225,20221200.0,0.84885,20220900.0,0.85225,20221200.0
2022-07-14,0.85475,20221200.0,0.85015,20220900.0,0.85475,20221200.0
2022-07-15,0.8573,20221200.0,0.85285,20220900.0,0.8573,20221200.0
2022-07-18,0.85625,20221200.0,0.8516,20220900.0,0.85625,20221200.0
2022-08-08,0.84935,20221200.0,0.8456,20220900.0,0.84935,20221200.0
2022-08-11,0.8518,20221200.0,0.8476,20220900.0,0.8518,20221200.0
2022-08-12,0.85115,20221200.0,0.84705,20220900.0,0.85115,20221200.0
2022-08-15,0.84815,20221200.0,0.84395,20220900.0,0.84815,20221200.0
2022-08-17,0.84965,20221200.0,0.8456,20220900.0,0.84965,20221200.0
2022-08-18,0.85115,20221200.0,0.8469,20220900.0,0.85115,20221200.0
2022-08-23,0.84825,20221200.0,0.844,20220900.0,0.84825,20221200.0
2022-08-24,0.8504,20221200.0,0.84625,20220900.0,0.8504,20221200.0
2022-08-25,0.848,20221200.0,0.8439,20220900.0,0.848,20221200.0
2022-08-26,0.85335,20221200.0,0.8494,20220900.0,0.85335,20221200.0
2022-08-29,0.8587,20221200.0,0.8547,20220900.0,0.8587,20221200.0
2022-08-30,0.8644,20221200.0,0.8604,20220900.0,0.8644,20221200.0
2022-08-31,0.8696,20221200.0,0.86555,20220900.0,0.8696,20221200.0
2022-09-01,0.86665,20221200.0,0.8625,20220900.0,0.86665,20221200.0
2022-09-02,0.87035,20221200.0,0.86615,20220900.0,0.87035,20221200.0
2022-09-05,0.8746,20230300.0,0.87035,20221200.0,0.8746,20230300.0
2022-09-06,0.8691,20230300.0,0.8647,20221200.0,0.8691,20230300.0
2022-09-07,0.87715,20230300.0,0.8726,20221200.0,0.87715,20230300.0
2022-09-08,0.87745,20230300.0,0.87335,20221200.0,0.87745,20230300.0
2022-09-09,0.8749,20230300.0,0.87095,20221200.0,0.8749,20230300.0
2022-09-12,0.8745,20230300.0,0.87055,20221200.0,0.8745,20230300.0
2022-09-13,0.8758,20230300.0,0.87155,20221200.0,0.8758,20230300.0
2022-09-14,0.873,20230300.0,0.86895,20221200.0,0.873,20230300.0
2022-09-15,0.8795,20230300.0,0.87555,20221200.0,0.8795,20230300.0
2022-09-16,0.88435,20230300.0,0.88045,20221200.0,0.88435,20230300.0
2022-09-19,0.88465,20230300.0,0.88075,20221200.0,0.88465,20230300.0
2022-09-20,0.88495,20230300.0,0.88085,20221200.0,0.88495,20230300.0
2022-09-21,0.88105,20230300.0,0.877,20221200.0,0.88105,20230300.0
2022-09-22,0.88135,20230300.0,0.87735,20221200.0,0.88135,20230300.0
2022-09-23,0.9015,20230300.0,0.89605,20221200.0,0.9015,20230300.0
2022-09-26,0.91095,20230300.0,0.9044,20221200.0,0.91095,20230300.0
2022-09-27,0.90625,20230300.0,0.89935,20221200.0,0.90625,20230300.0
2022-09-28,0.90555,20230300.0,0.8988,20221200.0,0.90555,20230300.0
2022-09-29,0.8965,20230300.0,0.88995,20221200.0,0.8965,20230300.0
2022-09-30,0.88835,20230300.0,0.882,20221200.0,0.88835,20230300.0
2022-10-03,0.87765,20230300.0,0.87175,20221200.0,0.87765,20230300.0
2022-10-04,0.8804,20230300.0,0.8746,20221200.0,0.8804,20230300.0
2022-10-05,0.88135,20230300.0,0.87565,20221200.0,0.88135,20230300.0
2022-10-06,0.8878,20230300.0,0.8818,20221200.0,0.8878,20230300.0
2022-10-07,0.8882,20230300.0,0.88235,20221200.0,0.8882,20230300.0
2022-10-10,0.8869,20230300.0,0.88095,20221200.0,0.8869,20230300.0
2022-10-11,0.8899,20230300.0,0.88405,20221200.0,0.8899,20230300.0
2022-10-12,0.8832,20230300.0,0.87745,20221200.0,0.8832,20230300.0
2022-10-13,0.87325,20230300.0,0.86765,20221200.0,0.87325,20230300.0
2022-10-14,0.87885,20230300.0,0.87335,20221200.0,0.87885,20230300.0
2022-10-17,0.87445,20230300.0,0.86945,20221200.0,0.87445,20230300.0
2022-10-18,0.87815,20230300.0,0.87315,20221200.0,0.87815,20230300.0
2022-10-19,0.8791,20230300.0,0.8744,20221200.0,0.8791,20230300.0
2022-10-20,0.87935,20230300.0,0.87475,20221200.0,0.87935,20230300.0
2022-10-21,0.88065,20230300.0,0.87595,20221200.0,0.88065,20230300.0
2022-10-24,0.8823,20230300.0,0.8779,20221200.0,0.8823,20230300.0
2022-10-25,0.87475,20230300.0,0.8704,20221200.0,0.87475,20230300.0
2022-10-26,0.8734,20230300.0,0.86945,20221200.0,0.8734,20230300.0
2022-10-27,0.86765,20230300.0,0.8638,20221200.0,0.86765,20230300.0
2022-10-28,0.86325,20230300.0,0.8594,20221200.0,0.86325,20230300.0
2022-10-31,0.86765,20230300.0,0.86395,20221200.0,0.86765,20230300.0
2022-11-01,0.86615,20230300.0,0.86245,20221200.0,0.86615,20230300.0
2022-11-02,0.86725,20230300.0,0.8635,20221200.0,0.86725,20230300.0
2022-11-03,0.87885,20230300.0,0.87525,20221200.0,0.87885,20230300.0
2022-11-04,0.88035,20230300.0,0.87685,20221200.0,0.88035,20230300.0
2022-11-07,0.87445,20230300.0,0.871,20221200.0,0.87445,20230300.0
2022-11-08,0.8783,20230300.0,0.87485,20221200.0,0.8783,20230300.0
2022-11-09,0.8867,20230300.0,0.8832,20221200.0,0.8867,20230300.0
2022-11-10,0.87525,20230300.0,0.8719,20221200.0,0.87525,20230300.0
2022-11-11,0.87915,20230300.0,0.8757,20221200.0,0.87915,20230300.0
2022-11-14,0.88385,20230300.0,0.8803,20221200.0,0.88385,20230300.0
2022-11-15,0.87785,20230300.0,0.8742,20221200.0,0.87785,20230300.0
2022-11-16,0.87745,20230300.0,0.87375,20221200.0,0.87745,20230300.0
2022-11-17,0.87955,20230300.0,0.8758,20221200.0,0.87955,20230300.0
2022-11-18,0.8735,20230300.0,0.86975,20221200.0,0.8735,20230300.0
2022-11-21,0.87145,20230300.0,0.86775,20221200.0,0.87145,20230300.0
2022-11-22,0.87095,20230300.0,0.8674,20221200.0,0.87095,20230300.0
2022-11-23,0.86655,20230300.0,0.863,20221200.0,0.86655,20230300.0
2022-11-24,0.86655,20230300.0,0.863,20221200.0,0.86655,20230300.0
2022-11-25,0.8647,20230300.0,0.8612,20221200.0,0.8647,20230300.0
2022-11-28,0.8692,20230300.0,0.8658,20221200.0,0.8692,20230300.0
2022-11-29,0.8684,20230300.0,0.86485,20221200.0,0.8684,20230300.0
2022-11-30,0.86785,20230300.0,0.86445,20221200.0,0.86785,20230300.0
2022-12-01,0.8621,20230300.0,0.85875,20221200.0,0.8621,20230300.0
2022-12-02,0.86155,20230300.0,0.8581,20221200.0,0.86155,20230300.0
2022-12-05,0.866,20230300.0,0.8625,20221200.0,0.866,20230300.0
2022-12-06,0.8656,20230300.0,0.8621,20221200.0,0.8656,20230300.0
2022-12-07,0.8648,20230300.0,0.8613,20221200.0,0.8648,20230300.0
2022-12-08,0.8663,20230300.0,0.86285,20221200.0,0.8663,20230300.0
2022-12-09,0.8632,20230300.0,0.8597,20221200.0,0.8632,20230300.0
2022-12-12,0.8662,20230600.0,0.8621,20230300.0,0.8662,20230600.0
2022-12-13,0.86735,20230600.0,0.8633,20230300.0,0.86735,20230600.0
2022-12-14,0.8674,20230600.0,0.8635,20230300.0,0.8674,20230600.0
2022-12-15,0.8789,20230600.0,0.87555,20230300.0,0.8789,20230600.0
2022-12-16,0.87835,20230600.0,0.8747,20230300.0,0.87835,20230600.0
2022-12-19,0.88065,20230600.0,0.87685,20230300.0,0.88065,20230600.0
2022-12-20,0.8801,20230600.0,0.8764,20230300.0,0.8801,20230600.0
2022-12-21,0.88555,20230600.0,0.882,20230300.0,0.88555,20230600.0
2022-12-22,0.88765,20230600.0,0.88405,20230300.0,0.88765,20230600.0
2022-12-23,0.889,20230600.0,0.88555,20230300.0,0.889,20230600.0
2022-12-27,0.89145,20230600.0,0.8879,20230300.0,0.89145,20230600.0
2022-12-28,0.88955,20230600.0,0.88595,20230300.0,0.88955,20230600.0
2022-12-29,0.89095,20230600.0,0.88735,20230300.0,0.89095,20230600.0
2022-12-30,0.89345,20230600.0,0.88995,20230300.0,0.89345,20230600.0
2023-01-03,0.88785,20230600.0,0.88445,20230300.0,0.88785,20230600.0
2023-01-04,0.8855,20230600.0,0.8822,20230300.0,0.8855,20230600.0
2023-01-05,0.88955,20230600.0,0.88615,20230300.0,0.88955,20230600.0
2023-01-06,0.8858,20230600.0,0.88255,20230300.0,0.8858,20230600.0
2023-01-09,0.8869,20230600.0,0.8836,20230300.0,0.8869,20230600.0
2023-01-10,0.88885,20230600.0,0.8855,20230300.0,0.88885,20230600.0
2023-01-11,0.8913,20230600.0,0.88795,20230300.0,0.8913,20230600.0
2023-01-12,0.8932,20230600.0,0.88985,20230300.0,0.8932,20230600.0
2023-01-13,0.8911,20230600.0,0.8878,20230300.0,0.8911,20230600.0
2023-01-16,0.8911,20230600.0,0.8878,20230300.0,0.8911,20230600.0
2023-01-17,0.8849,20230600.0,0.88145,20230300.0,0.8849,20230600.0
2023-01-18,0.88045,20230600.0,0.87695,20230300.0,0.88045,20230600.0
2023-01-19,0.87935,20230600.0,0.876,20230300.0,0.87935,20230600.0
2023-01-20,0.8809,20230600.0,0.87755,20230300.0,0.8809,20230600.0
2023-01-23,0.88335,20230600.0,0.88005,20230300.0,0.88335,20230600.0
2023-01-24,0.8874,20230600.0,0.88415,20230300.0,0.8874,20230600.0
2023-01-25,0.88535,20230600.0,0.8821,20230300.0,0.88535,20230600.0
2023-01-26,0.88245,20230600.0,0.87925,20230300.0,0.88245,20230600.0
2023-01-27,0.8819,20230600.0,0.8787,20230300.0,0.8819,20230600.0
2023-01-30,0.8833,20230600.0,0.8801,20230300.0,0.8833,20230600.0
2023-01-31,0.88635,20230600.0,0.8832,20230300.0,0.88635,20230600.0
2023-02-01,0.89195,20230600.0,0.88895,20230300.0,0.89195,20230600.0
2023-02-02,0.8962,20230600.0,0.89325,20230300.0,0.8962,20230600.0
2023-02-03,0.9006,20230600.0,0.89765,20230300.0,0.9006,20230600.0
2023-02-06,0.89625,20230600.0,0.8933,20230300.0,0.89625,20230600.0
2023-02-07,0.89505,20230600.0,0.8921,20230300.0,0.89505,20230600.0
2023-02-08,0.8926,20230600.0,0.8896,20230300.0,0.8926,20230600.0
2023-02-09,0.89015,20230600.0,0.88715,20230300.0,0.89015,20230600.0
2023-02-10,0.8898,20230600.0,0.88685,20230300.0,0.8898,20230600.0
2023-02-13,0.88745,20230600.0,0.8844,20230300.0,0.88745,20230600.0
2023-02-14,0.88615,20230600.0,0.88305,20230300.0,0.88615,20230600.0
2023-02-15,0.8925,20230600.0,0.88955,20230300.0,0.8925,20230600.0
2023-02-16,0.89365,20230600.0,0.8908,20230300.0,0.89365,20230600.0
2023-02-17,0.8917,20230600.0,0.8888,20230300.0,0.8917,20230600.0
2023-02-20,0.8938,20230900.0,0.8917,20230600.0,0.8938,20230900.0
2023-02-21,0.8855,20230900.0,0.8832,20230600.0,0.8855,20230900.0
2023-02-22,0.88675,20230900.0,0.88445,20230600.0,0.88675,20230900.0
2023-02-23,0.8877,20230900.0,0.88545,20230600.0,0.8877,20230900.0
2023-02-24,0.88945,20230900.0,0.88715,20230600.0,0.88945,20230900.0
2023-02-27,0.886,20230900.0,0.88355,20230600.0,0.886,20230900.0
2023-02-28,0.88405,20230900.0,0.88165,20230600.0,0.88405,20230900.0
2023-03-01,0.8926,20230900.0,0.89035,20230600.0,0.8926,20230900.0
2023-03-02,0.8922,20230900.0,0.89005,20230600.0,0.8922,20230900.0
2023-03-03,0.8883,20230900.0,0.88625,20230600.0,0.8883,20230900.0
2023-03-06,0.89375,20230900.0,0.8918,20230600.0,0.89375,20230900.0
2023-03-07,0.8975,20230900.0,0.89535,20230600.0,0.8975,20230900.0
2023-03-08,0.89605,20230900.0,0.89405,20230600.0,0.89605,20230900.0
2023-03-09,0.8933,20230900.0,0.89125,20230600.0,0.8933,20230900.0
2023-03-10,0.89045,20230900.0,0.888,20230600.0,0.89045,20230900.0
2023-03-13,0.8867,20230900.0,0.8837,20230600.0,0.8867,20230900.0
2023-03-14,0.888,20230900.0,0.88555,20230600.0,0.888,20230900.0
2023-03-15,0.88335,20230900.0,0.88015,20230600.0,0.88335,20230900.0
2023-03-16,0.8812,20230900.0,0.8785,20230600.0,0.8812,20230900.0
2023-03-17,0.8815,20230900.0,0.8787,20230600.0,0.8815,20230900.0
2023-03-20,0.8788,20230900.0,0.87605,20230600.0,0.8788,20230900.0
2023-03-21,0.8864,20230900.0,0.884,20230600.0,0.8864,20230900.0
2023-03-22,0.8899,20230900.0,0.8872,20230600.0,0.8899,20230900.0
2023-03-23,0.88885,20230900.0,0.88595,20230600.0,0.88885,20230900.0
2023-03-24,0.88595,20230900.0,0.8829,20230600.0,0.88595,20230900.0
2023-03-27,0.8842,20230900.0,0.8813,20230600.0,0.8842,20230900.0
2023-03-28,0.8846,20230900.0,0.88165,20230600.0,0.8846,20230900.0
2023-03-29,0.88645,20230900.0,0.8834,20230600.0,0.88645,20230900.0
2023-03-30,0.88545,20230900.0,0.8825,20230600.0,0.88545,20230900.0
2023-03-31,0.8854,20230900.0,0.8825,20230600.0,0.8854,20230900.0
2023-04-03,0.8833,20230900.0,0.8804,20230600.0,0.8833,20230900.0
2023-04-04,0.8814,20230900.0,0.8786,20230600.0,0.8814,20230900.0
2023-04-05,0.88025,20230900.0,0.87745,20230600.0,0.88025,20230900.0
2023-04-06,0.8828,20230900.0,0.8799,20230600.0,0.8828,20230900.0
2023-04-10,0.88205,20230900.0,0.8793,20230600.0,0.88205,20230900.0
2023-04-11,0.88295,20230900.0,0.88035,20230600.0,0.88295,20230900.0
2023-04-12,0.88505,20230900.0,0.88245,20230600.0,0.88505,20230900.0
2023-04-13,0.8865,20230900.0,0.8841,20230600.0,0.8865,20230900.0
2023-04-14,0.89035,20230900.0,0.88695,20230600.0,0.89035,20230900.0
2023-04-17,0.8875,20230900.0,0.88485,20230600.0,0.8875,20230900.0
2023-04-18,0.88725,20230900.0,0.885,20230600.0,0.88725,20230900.0
2023-04-19,0.88525,20230900.0,0.88255,20230600.0,0.88525,20230900.0
2023-04-20,0.88615,20230900.0,0.88345,20230600.0,0.88615,20230900.0
2023-04-21,0.88765,20230900.0,0.885,20230600.0,0.88765,20230900.0
2023-04-24,0.8895,20230900.0,0.88645,20230600.0,0.8895,20230900.0
2023-04-25,0.88905,20230900.0,0.88595,20230600.0,0.88905,20230900.0
2023-04-26,0.89095,20230900.0,0.887,20230600.0,0.89095,20230900.0
2023-04-27,0.88695,20230900.0,0.88395,20230600.0,0.88695,20230900.0
2023-04-28,0.8813,20230900.0,0.878,20230600.0,0.8813,20230900.0
2023-05-01,0.8831,20230900.0,0.88015,20230600.0,0.8831,20230900.0
2023-05-02,0.88685,20230900.0,0.8838,20230600.0,0.88685,20230900.0
2023-05-03,0.88475,20230900.0,0.88175,20230600.0,0.88475,20230900.0
2023-05-04,0.8801,20230900.0,0.87725,20230600.0,0.8801,20230900.0
2023-05-05,0.8766,20230900.0,0.8736,20230600.0,0.8766,20230900.0
2023-05-08,0.8764,20230900.0,0.87315,20230600.0,0.8764,20230900.0
2023-05-09,0.8729,20230900.0,0.86955,20230600.0,0.8729,20230900.0
2023-05-10,0.8737,20230900.0,0.87105,20230600.0,0.8737,20230900.0
2023-05-11,0.8768,20230900.0,0.87365,20230600.0,0.8768,20230900.0
2023-05-12,0.876,20230900.0,0.8728,20230600.0,0.876,20230900.0
2023-05-15,0.8719,20230900.0,0.86915,20230600.0,0.8719,20230900.0
2023-05-16,0.8744,20230900.0,0.871,20230600.0,0.8744,20230900.0
2023-05-17,0.8721,20230900.0,0.8691,20230600.0,0.8721,20230900.0
2023-05-18,0.8719,20230900.0,0.8691,20230600.0,0.8719,20230900.0
2023-05-19,0.87195,20230900.0,0.8692,20230600.0,0.87195,20230900.0
2023-05-22,0.8733,20230900.0,0.87025,20230600.0,0.8733,20230900.0
2023-05-23,0.87155,20230900.0,0.86835,20230600.0,0.87155,20230900.0
2023-05-24,0.87385,20230900.0,0.87015,20230600.0,0.87385,20230900.0
2023-05-25,0.8745,20230900.0,0.87115,20230600.0,0.8745,20230900.0
2023-05-26,0.8727,20230900.0,0.86925,20230600.0,0.8727,20230900.0
2023-05-29,0.8727,20230900.0,0.8672,20230600.0,0.8727,20230900.0
2023-05-30,0.8689,20230900.0,0.86535,20230600.0,0.8689,20230900.0
2023-05-31,0.863,20230900.0,0.8597,20230600.0,0.863,20230900.0
2023-06-01,0.8627,20230900.0,0.8597,20230600.0,0.8627,20230900.0
2023-06-02,0.8639,20230900.0,0.86015,20230600.0,0.8639,20230900.0
2023-06-05,0.8652,20230900.0,0.86195,20230600.0,0.8652,20230900.0
2023-06-06,0.8639,20230900.0,0.86105,20230600.0,0.8639,20230900.0
2023-06-07,0.8638,20230900.0,0.8606,20230600.0,0.8638,20230900.0
2023-06-08,0.8619,20230900.0,0.85865,20230600.0,0.8619,20230900.0
2023-06-09,0.86185,20231200.0,0.85815,20230900.0,0.86185,20231200.0
2023-06-12,0.86735,20231200.0,0.86355,20230900.0,0.86735,20231200.0
2023-06-13,0.8636,20231200.0,0.85955,20230900.0,0.8636,20231200.0
2023-06-14,0.86235,20231200.0,0.85835,20230900.0,0.86235,20231200.0
2023-06-15,0.86375,20231200.0,0.85985,20230900.0,0.86375,20231200.0
2023-06-16,0.85965,20231200.0,0.8559,20230900.0,0.85965,20231200.0
2023-06-19,0.85965,20231200.0,0.8559,20230900.0,0.85965,20231200.0
2023-06-20,0.8625,20231200.0,0.85875,20230900.0,0.8625,20231200.0
2023-06-21,0.86725,20231200.0,0.8631,20230900.0,0.86725,20231200.0
2023-06-22,0.8677,20231200.0,0.8633,20230900.0,0.8677,20231200.0
2023-06-23,0.86495,20231200.0,0.86035,20230900.0,0.86495,20231200.0
2023-06-26,0.866,20231200.0,0.86145,20230900.0,0.866,20231200.0
2023-06-27,0.8674,20231200.0,0.86285,20230900.0,0.8674,20231200.0
2023-06-28,0.8715,20231200.0,0.8669,20230900.0,0.8715,20231200.0
2023-06-29,0.8694,20231200.0,0.86475,20230900.0,0.8694,20231200.0
2023-06-30,0.86725,20231200.0,0.8625,20230900.0,0.86725,20231200.0
2023-07-04,0.8675,20231200.0,0.859,20230900.0,0.8675,20231200.0
2023-07-05,0.8625,20231200.0,0.85735,20230900.0,0.8625,20231200.0
2023-07-06,0.8616,20231200.0,0.8579,20230900.0,0.8616,20231200.0
2023-07-07,0.8617,20231200.0,0.85715,20230900.0,0.8617,20231200.0
2023-07-10,0.86285,20231200.0,0.85805,20230900.0,0.86285,20231200.0
2023-07-11,0.85795,20231200.0,0.8539,20230900.0,0.85795,20231200.0
2023-07-12,0.8643,20231200.0,0.8597,20230900.0,0.8643,20231200.0
2023-07-13,0.8615,20231200.0,0.8573,20230900.0,0.8615,20231200.0
2023-07-14,0.8643,20231200.0,0.86025,20230900.0,0.8643,20231200.0
2023-07-17,0.86625,20231200.0,0.86215,20230900.0,0.86625,20231200.0
2023-07-18,0.86755,20231200.0,0.86375,20230900.0,0.86755,20231200.0
2023-07-19,0.87285,20231200.0,0.868,20230900.0,0.87285,20231200.0
2023-07-20,0.87165,20231200.0,0.8672,20230900.0,0.87165,20231200.0
2023-07-21,0.87145,20231200.0,0.86765,20230900.0,0.87145,20231200.0
2023-07-24,0.86945,20231200.0,0.86505,20230900.0,0.86945,20231200.0
2023-07-25,0.86275,20231200.0,0.859,20230900.0,0.86275,20231200.0
2023-07-26,0.86305,20231200.0,0.85865,20230900.0,0.86305,20231200.0
2023-07-27,0.86315,20231200.0,0.85975,20230900.0,0.86315,20231200.0
2023-07-28,0.8633,20231200.0,0.85905,20230900.0,0.8633,20231200.0
2023-07-31,0.86265,20231200.0,0.85865,20230900.0,0.86265,20231200.0
2023-08-01,0.865,20231200.0,0.86145,20230900.0,0.865,20231200.0
2023-08-02,0.8661,20231200.0,0.8623,20230900.0,0.8661,20231200.0
2023-08-03,0.86705,20231200.0,0.86305,20230900.0,0.86705,20231200.0
2023-08-04,0.8686,20231200.0,0.8651,20230900.0,0.8686,20231200.0
2023-08-07,0.86635,20231200.0,0.86225,20230900.0,0.86635,20231200.0
2023-08-08,0.86505,20231200.0,0.86085,20230900.0,0.86505,20231200.0
2023-08-09,0.86775,20231200.0,0.8642,20230900.0,0.86775,20231200.0
2023-08-10,0.871,20231200.0,0.86765,20230900.0,0.871,20231200.0
2023-08-11,0.86745,20231200.0,0.86365,20230900.0,0.86745,20231200.0
2023-08-14,0.8653,20231200.0,0.8609,20230900.0,0.8653,20231200.0
2023-08-15,0.8634,20231200.0,0.8596,20230900.0,0.8634,20231200.0
2023-08-16,0.8602,20231200.0,0.8557,20230900.0,0.8602,20231200.0
2023-08-17,0.8581,20231200.0,0.854,20230900.0,0.8581,20231200.0
2023-08-18,0.8587,20231200.0,0.8549,20230900.0,0.8587,20231200.0
2023-08-21,0.85885,20231200.0,0.85505,20230900.0,0.85885,20231200.0
2023-08-22,0.85675,20231200.0,0.85275,20230900.0,0.85675,20231200.0
2023-08-23,0.8588,20231200.0,0.8547,20230900.0,0.8588,20231200.0
2023-08-24,0.8621,20231200.0,0.8588,20230900.0,0.8621,20231200.0
2023-08-25,0.86275,20231200.0,0.859,20230900.0,0.86275,20231200.0
2023-08-28,0.86255,20231200.0,0.85925,20230900.0,0.86255,20231200.0
2023-08-29,0.86515,20231200.0,0.8613,20230900.0,0.86515,20231200.0
2023-08-30,0.8635,20231200.0,0.8592,20230900.0,0.8635,20231200.0
